-- phpMyAdmin SQL Dump
-- version 5.2.1
-- https://www.phpmyadmin.net/
--
-- Host: 127.0.0.1
-- Waktu pembuatan: 26 Jun 2024 pada 13.27
-- Versi server: 10.4.32-MariaDB
-- Versi PHP: 8.2.12

SET SQL_MODE = "NO_AUTO_VALUE_ON_ZERO";
START TRANSACTION;
SET time_zone = "+00:00";


/*!40101 SET @OLD_CHARACTER_SET_CLIENT=@@CHARACTER_SET_CLIENT */;
/*!40101 SET @OLD_CHARACTER_SET_RESULTS=@@CHARACTER_SET_RESULTS */;
/*!40101 SET @OLD_COLLATION_CONNECTION=@@COLLATION_CONNECTION */;
/*!40101 SET NAMES utf8mb4 */;

--
-- Database: `bdgmotoparts`
--

-- --------------------------------------------------------

--
-- Struktur dari tabel `ci_sessions`
--

CREATE TABLE `ci_sessions` (
  `id` varchar(128) NOT NULL,
  `ip_address` varchar(45) NOT NULL,
  `timestamp` int(10) UNSIGNED NOT NULL DEFAULT 0,
  `data` blob NOT NULL
) ENGINE=InnoDB DEFAULT CHARSET=utf8mb4 COLLATE=utf8mb4_general_ci;

--
-- Dumping data untuk tabel `ci_sessions`
--

INSERT INTO `ci_sessions` (`id`, `ip_address`, `timestamp`, `data`) VALUES
('0p9d9cos7k1sk5d8i5orrqjdqd9gtp6j', '::1', 1717838204, 0x5f5f63695f6c6173745f726567656e65726174657c693a313731373833383230343b7265646972656374696f6e7c4e3b5f5f4143544956455f53455353494f4e5f444154417c733a3235363a223364306434336432393535393938323038356533323834623866633830396166333265653930343265373263363932643661346466343562633238363330383637383834343434313535316337353961393161313232323332653730373135323462656331613438356435663636373638323539346466346465363065316432576a615848654668546e59454c78712b73682f6f70337077496c792f64484e586577506234533369763075314c50637266674b68596476495641427478724b78516f676b515731484651366d7151444f334b52565a67636a4c386a53615963354b6d39586f7652443372786545325744725a4b634f544f69787947376738664f223b6f726465725f666c6173687c733a32363a224f7264657220626572686173696c20646974616d6261686b616e223b5f5f63695f766172737c613a313a7b733a31313a226f726465725f666c617368223b733a333a226f6c64223b7d),
('tvdvivnaeq648tsporiof0q0vkfg8mir', '::1', 1717838736, 0x5f5f63695f6c6173745f726567656e65726174657c693a313731373833383733363b7265646972656374696f6e7c4e3b5f5f4143544956455f53455353494f4e5f444154417c733a3235363a223364306434336432393535393938323038356533323834623866633830396166333265653930343265373263363932643661346466343562633238363330383637383834343434313535316337353961393161313232323332653730373135323462656331613438356435663636373638323539346466346465363065316432576a615848654668546e59454c78712b73682f6f70337077496c792f64484e586577506234533369763075314c50637266674b68596476495641427478724b78516f676b515731484651366d7151444f334b52565a67636a4c386a53615963354b6d39586f7652443372786545325744725a4b634f544f69787947376738664f223b6f726465725f666c6173687c733a32363a224f7264657220626572686173696c20646974616d6261686b616e223b5f5f63695f766172737c613a313a7b733a31313a226f726465725f666c617368223b733a333a226f6c64223b7d),
('lmk8kh98s0rtgl36ht3757g5ajv5omul', '::1', 1717839040, 0x5f5f63695f6c6173745f726567656e65726174657c693a313731373833393034303b7265646972656374696f6e7c4e3b5f5f4143544956455f53455353494f4e5f444154417c733a3235363a223364306434336432393535393938323038356533323834623866633830396166333265653930343265373263363932643661346466343562633238363330383637383834343434313535316337353961393161313232323332653730373135323462656331613438356435663636373638323539346466346465363065316432576a615848654668546e59454c78712b73682f6f70337077496c792f64484e586577506234533369763075314c50637266674b68596476495641427478724b78516f676b515731484651366d7151444f334b52565a67636a4c386a53615963354b6d39586f7652443372786545325744725a4b634f544f69787947376738664f223b6f726465725f666c6173687c733a32363a224f7264657220626572686173696c20646974616d6261686b616e223b5f5f63695f766172737c613a313a7b733a31313a226f726465725f666c617368223b733a333a226f6c64223b7d),
('1fqra0koedghm8ukf3ev18j1hte1b7ct', '::1', 1717839376, 0x5f5f63695f6c6173745f726567656e65726174657c693a313731373833393337363b7265646972656374696f6e7c4e3b5f5f4143544956455f53455353494f4e5f444154417c733a3235363a223364306434336432393535393938323038356533323834623866633830396166333265653930343265373263363932643661346466343562633238363330383637383834343434313535316337353961393161313232323332653730373135323462656331613438356435663636373638323539346466346465363065316432576a615848654668546e59454c78712b73682f6f70337077496c792f64484e586577506234533369763075314c50637266674b68596476495641427478724b78516f676b515731484651366d7151444f334b52565a67636a4c386a53615963354b6d39586f7652443372786545325744725a4b634f544f69787947376738664f223b6f726465725f666c6173687c733a32363a224f7264657220626572686173696c20646974616d6261686b616e223b5f5f63695f766172737c613a313a7b733a31313a226f726465725f666c617368223b733a333a226f6c64223b7d),
('ot2g7itug9fecdr6ai1uegoru9onn1ek', '::1', 1717839748, 0x5f5f63695f6c6173745f726567656e65726174657c693a313731373833393734383b7265646972656374696f6e7c4e3b5f5f4143544956455f53455353494f4e5f444154417c733a3235363a223364306434336432393535393938323038356533323834623866633830396166333265653930343265373263363932643661346466343562633238363330383637383834343434313535316337353961393161313232323332653730373135323462656331613438356435663636373638323539346466346465363065316432576a615848654668546e59454c78712b73682f6f70337077496c792f64484e586577506234533369763075314c50637266674b68596476495641427478724b78516f676b515731484651366d7151444f334b52565a67636a4c386a53615963354b6d39586f7652443372786545325744725a4b634f544f69787947376738664f223b6f726465725f666c6173687c733a32363a224f7264657220626572686173696c20646974616d6261686b616e223b5f5f63695f766172737c613a313a7b733a31313a226f726465725f666c617368223b733a333a226f6c64223b7d),
('pe7ng496jdllhf2qebr73iufhj1n76br', '::1', 1717840309, 0x5f5f63695f6c6173745f726567656e65726174657c693a313731373834303330393b7265646972656374696f6e7c4e3b5f5f4143544956455f53455353494f4e5f444154417c733a3235363a223364306434336432393535393938323038356533323834623866633830396166333265653930343265373263363932643661346466343562633238363330383637383834343434313535316337353961393161313232323332653730373135323462656331613438356435663636373638323539346466346465363065316432576a615848654668546e59454c78712b73682f6f70337077496c792f64484e586577506234533369763075314c50637266674b68596476495641427478724b78516f676b515731484651366d7151444f334b52565a67636a4c386a53615963354b6d39586f7652443372786545325744725a4b634f544f69787947376738664f223b6f726465725f666c6173687c733a32363a224f7264657220626572686173696c20646974616d6261686b616e223b5f5f63695f766172737c613a313a7b733a31313a226f726465725f666c617368223b733a333a226f6c64223b7d),
('glk489mns5bib7dbr1ao7eh0hn38fpcb', '::1', 1717840782, 0x5f5f63695f6c6173745f726567656e65726174657c693a313731373834303738323b7265646972656374696f6e7c4e3b5f5f4143544956455f53455353494f4e5f444154417c733a3235363a223364306434336432393535393938323038356533323834623866633830396166333265653930343265373263363932643661346466343562633238363330383637383834343434313535316337353961393161313232323332653730373135323462656331613438356435663636373638323539346466346465363065316432576a615848654668546e59454c78712b73682f6f70337077496c792f64484e586577506234533369763075314c50637266674b68596476495641427478724b78516f676b515731484651366d7151444f334b52565a67636a4c386a53615963354b6d39586f7652443372786545325744725a4b634f544f69787947376738664f223b6f726465725f666c6173687c733a32363a224f7264657220626572686173696c20646974616d6261686b616e223b5f5f63695f766172737c613a313a7b733a31313a226f726465725f666c617368223b733a333a226f6c64223b7d),
('2ouldav5f8b6i4kvfio2li0kdib7s688', '::1', 1717841116, 0x5f5f63695f6c6173745f726567656e65726174657c693a313731373834313131363b7265646972656374696f6e7c4e3b5f5f4143544956455f53455353494f4e5f444154417c733a3235363a223364306434336432393535393938323038356533323834623866633830396166333265653930343265373263363932643661346466343562633238363330383637383834343434313535316337353961393161313232323332653730373135323462656331613438356435663636373638323539346466346465363065316432576a615848654668546e59454c78712b73682f6f70337077496c792f64484e586577506234533369763075314c50637266674b68596476495641427478724b78516f676b515731484651366d7151444f334b52565a67636a4c386a53615963354b6d39586f7652443372786545325744725a4b634f544f69787947376738664f223b6f726465725f666c6173687c733a32363a224f7264657220626572686173696c20646974616d6261686b616e223b5f5f63695f766172737c613a313a7b733a31313a226f726465725f666c617368223b733a333a226f6c64223b7d),
('oj09umgnvnq5m74f7dlkq8dbb9b3og7f', '::1', 1717842634, 0x5f5f63695f6c6173745f726567656e65726174657c693a313731373834323633343b7265646972656374696f6e7c4e3b6f726465725f666c6173687c733a32363a224f7264657220626572686173696c20646974616d6261686b616e223b5f5f63695f766172737c613a323a7b733a31313a226f726465725f666c617368223b733a333a226f6c64223b733a31313a226c6f67696e5f666c617368223b733a333a226f6c64223b7d6c6f67696e5f666c6173687c733a31363a22426572686173696c206c6f676f757421223b5f5f4143544956455f53455353494f4e5f444154417c733a3235363a2233313133613139643736613035616138616331646130373232663237663338336462323833653834616464353734616661383138636234366432356163383131623537313361333262393730653432343265376236383766393837333630343730653830646634346361393832343334646361306132386363333763346239665672723551565a70574b31454949422f37626f517a31656566393974673779366136424e6f4946535969504e2b4d342b6f736667655968384731354b727a474d46496b444e5750486430346c766d6a6f485178446f54646a6e487070784f6f7673467353775753453156344d6847484839424533457551736b4e4f3242566c64223b),
('qgubjmq923pb8rndk1j4psrd0c6aht3a', '::1', 1717842941, 0x5f5f63695f6c6173745f726567656e65726174657c693a313731373834323934313b7265646972656374696f6e7c4e3b6f726465725f666c6173687c733a32363a224f7264657220626572686173696c20646974616d6261686b616e223b5f5f63695f766172737c613a323a7b733a31313a226f726465725f666c617368223b733a333a226f6c64223b733a31313a226c6f67696e5f666c617368223b733a333a226f6c64223b7d6c6f67696e5f666c6173687c733a31363a22426572686173696c206c6f676f757421223b5f5f4143544956455f53455353494f4e5f444154417c733a3235363a223761343939363132643037363266373031306432626231363562326139393862383231663932386563393266363766323039333262373830376561353965626133623336383634393930323433373330616331353864376330653534313639326364613835373765373565653163633162333966336638336566393130316434704b7a76455751444c68616d6c6856306149315262526f4f553668594941644b4f7331546838557975586143584e556f58587337335066634f49557a6b35304b506a73522b537335525247714e776f757731712b4979696a4a44634b7a49666679754b6367516c4d6e436b365641505a773848616c6c615a74506e667a5a7164223b),
('bhj4a8fbh8a59dv8jjebsut5452f0i4g', '::1', 1717843269, 0x5f5f63695f6c6173745f726567656e65726174657c693a313731373834333236393b7265646972656374696f6e7c4e3b6f726465725f666c6173687c733a32363a224f7264657220626572686173696c20646974616d6261686b616e223b5f5f63695f766172737c613a323a7b733a31313a226f726465725f666c617368223b733a333a226f6c64223b733a31313a226c6f67696e5f666c617368223b733a333a226f6c64223b7d6c6f67696e5f666c6173687c733a31363a22426572686173696c206c6f676f757421223b5f5f4143544956455f53455353494f4e5f444154417c733a3235363a223761343939363132643037363266373031306432626231363562326139393862383231663932386563393266363766323039333262373830376561353965626133623336383634393930323433373330616331353864376330653534313639326364613835373765373565653163633162333966336638336566393130316434704b7a76455751444c68616d6c6856306149315262526f4f553668594941644b4f7331546838557975586143584e556f58587337335066634f49557a6b35304b506a73522b537335525247714e776f757731712b4979696a4a44634b7a49666679754b6367516c4d6e436b365641505a773848616c6c615a74506e667a5a7164223b),
('cg04oqi03tc0gv2jkgjrf1ct0dv6iu5m', '::1', 1717843596, 0x5f5f63695f6c6173745f726567656e65726174657c693a313731373834333539363b7265646972656374696f6e7c4e3b6f726465725f666c6173687c733a32363a224f7264657220626572686173696c20646974616d6261686b616e223b5f5f63695f766172737c613a323a7b733a31313a226f726465725f666c617368223b733a333a226f6c64223b733a31313a226c6f67696e5f666c617368223b733a333a226f6c64223b7d6c6f67696e5f666c6173687c733a31363a22426572686173696c206c6f676f757421223b5f5f4143544956455f53455353494f4e5f444154417c733a3235363a223761343939363132643037363266373031306432626231363562326139393862383231663932386563393266363766323039333262373830376561353965626133623336383634393930323433373330616331353864376330653534313639326364613835373765373565653163633162333966336638336566393130316434704b7a76455751444c68616d6c6856306149315262526f4f553668594941644b4f7331546838557975586143584e556f58587337335066634f49557a6b35304b506a73522b537335525247714e776f757731712b4979696a4a44634b7a49666679754b6367516c4d6e436b365641505a773848616c6c615a74506e667a5a7164223b),
('aumvtv5stueh5jsrsuisaknfqco7kg97', '::1', 1717843943, 0x5f5f63695f6c6173745f726567656e65726174657c693a313731373834333934333b7265646972656374696f6e7c4e3b6f726465725f666c6173687c733a32363a224f7264657220626572686173696c20646974616d6261686b616e223b5f5f63695f766172737c613a323a7b733a31313a226f726465725f666c617368223b733a333a226f6c64223b733a31313a226c6f67696e5f666c617368223b733a333a226f6c64223b7d6c6f67696e5f666c6173687c733a31363a22426572686173696c206c6f676f757421223b5f5f4143544956455f53455353494f4e5f444154417c733a3235363a223761343939363132643037363266373031306432626231363562326139393862383231663932386563393266363766323039333262373830376561353965626133623336383634393930323433373330616331353864376330653534313639326364613835373765373565653163633162333966336638336566393130316434704b7a76455751444c68616d6c6856306149315262526f4f553668594941644b4f7331546838557975586143584e556f58587337335066634f49557a6b35304b506a73522b537335525247714e776f757731712b4979696a4a44634b7a49666679754b6367516c4d6e436b365641505a773848616c6c615a74506e667a5a7164223b),
('22kgmhuccq5qlq53b40rdj8gk7dmiv9b', '::1', 1717844265, 0x5f5f63695f6c6173745f726567656e65726174657c693a313731373834343236353b7265646972656374696f6e7c4e3b6f726465725f666c6173687c733a32363a224f7264657220626572686173696c20646974616d6261686b616e223b5f5f63695f766172737c613a323a7b733a31313a226f726465725f666c617368223b733a333a226f6c64223b733a31313a226c6f67696e5f666c617368223b733a333a226f6c64223b7d6c6f67696e5f666c6173687c733a31363a22426572686173696c206c6f676f757421223b5f5f4143544956455f53455353494f4e5f444154417c733a3235363a223761343939363132643037363266373031306432626231363562326139393862383231663932386563393266363766323039333262373830376561353965626133623336383634393930323433373330616331353864376330653534313639326364613835373765373565653163633162333966336638336566393130316434704b7a76455751444c68616d6c6856306149315262526f4f553668594941644b4f7331546838557975586143584e556f58587337335066634f49557a6b35304b506a73522b537335525247714e776f757731712b4979696a4a44634b7a49666679754b6367516c4d6e436b365641505a773848616c6c615a74506e667a5a7164223b),
('vk2fdg3d223antandcnenlntofeekj8v', '::1', 1717844569, 0x5f5f63695f6c6173745f726567656e65726174657c693a313731373834343536393b7265646972656374696f6e7c4e3b6f726465725f666c6173687c733a32363a224f7264657220626572686173696c20646974616d6261686b616e223b5f5f63695f766172737c613a323a7b733a31313a226f726465725f666c617368223b733a333a226f6c64223b733a31313a226c6f67696e5f666c617368223b733a333a226f6c64223b7d6c6f67696e5f666c6173687c733a31363a22426572686173696c206c6f676f757421223b5f5f4143544956455f53455353494f4e5f444154417c733a3235363a223761343939363132643037363266373031306432626231363562326139393862383231663932386563393266363766323039333262373830376561353965626133623336383634393930323433373330616331353864376330653534313639326364613835373765373565653163633162333966336638336566393130316434704b7a76455751444c68616d6c6856306149315262526f4f553668594941644b4f7331546838557975586143584e556f58587337335066634f49557a6b35304b506a73522b537335525247714e776f757731712b4979696a4a44634b7a49666679754b6367516c4d6e436b365641505a773848616c6c615a74506e667a5a7164223b),
('n94j99p894u4rf3s5skpfimqnhrtkgj8', '::1', 1717845146, 0x5f5f63695f6c6173745f726567656e65726174657c693a313731373834353134363b7265646972656374696f6e7c4e3b6f726465725f666c6173687c733a32363a224f7264657220626572686173696c20646974616d6261686b616e223b5f5f63695f766172737c613a323a7b733a31313a226f726465725f666c617368223b733a333a226f6c64223b733a31313a226c6f67696e5f666c617368223b733a333a226f6c64223b7d6c6f67696e5f666c6173687c733a31363a22426572686173696c206c6f676f757421223b5f5f4143544956455f53455353494f4e5f444154417c733a3235363a223761343939363132643037363266373031306432626231363562326139393862383231663932386563393266363766323039333262373830376561353965626133623336383634393930323433373330616331353864376330653534313639326364613835373765373565653163633162333966336638336566393130316434704b7a76455751444c68616d6c6856306149315262526f4f553668594941644b4f7331546838557975586143584e556f58587337335066634f49557a6b35304b506a73522b537335525247714e776f757731712b4979696a4a44634b7a49666679754b6367516c4d6e436b365641505a773848616c6c615a74506e667a5a7164223b),
('nn2ajcup45878dqvltgsmmqfu2c5b6aj', '::1', 1717845447, 0x5f5f63695f6c6173745f726567656e65726174657c693a313731373834353434373b7265646972656374696f6e7c4e3b6f726465725f666c6173687c733a32363a224f7264657220626572686173696c20646974616d6261686b616e223b5f5f63695f766172737c613a323a7b733a31313a226f726465725f666c617368223b733a333a226f6c64223b733a31313a226c6f67696e5f666c617368223b733a333a226f6c64223b7d6c6f67696e5f666c6173687c733a31363a22426572686173696c206c6f676f757421223b5f5f4143544956455f53455353494f4e5f444154417c733a3235363a223761343939363132643037363266373031306432626231363562326139393862383231663932386563393266363766323039333262373830376561353965626133623336383634393930323433373330616331353864376330653534313639326364613835373765373565653163633162333966336638336566393130316434704b7a76455751444c68616d6c6856306149315262526f4f553668594941644b4f7331546838557975586143584e556f58587337335066634f49557a6b35304b506a73522b537335525247714e776f757731712b4979696a4a44634b7a49666679754b6367516c4d6e436b365641505a773848616c6c615a74506e667a5a7164223b),
('89occtcochu812664oua619g63gnv0ld', '::1', 1717845801, 0x5f5f63695f6c6173745f726567656e65726174657c693a313731373834353830313b7265646972656374696f6e7c4e3b6f726465725f666c6173687c733a32363a224f7264657220626572686173696c20646974616d6261686b616e223b5f5f63695f766172737c613a323a7b733a31313a226f726465725f666c617368223b733a333a226f6c64223b733a31313a226c6f67696e5f666c617368223b733a333a226f6c64223b7d6c6f67696e5f666c6173687c733a31363a22426572686173696c206c6f676f757421223b5f5f4143544956455f53455353494f4e5f444154417c733a3235363a223761343939363132643037363266373031306432626231363562326139393862383231663932386563393266363766323039333262373830376561353965626133623336383634393930323433373330616331353864376330653534313639326364613835373765373565653163633162333966336638336566393130316434704b7a76455751444c68616d6c6856306149315262526f4f553668594941644b4f7331546838557975586143584e556f58587337335066634f49557a6b35304b506a73522b537335525247714e776f757731712b4979696a4a44634b7a49666679754b6367516c4d6e436b365641505a773848616c6c615a74506e667a5a7164223b),
('uffedb19v4upmjgh4c51besbk5mcj0nq', '::1', 1717846106, 0x5f5f63695f6c6173745f726567656e65726174657c693a313731373834363130363b7265646972656374696f6e7c4e3b6f726465725f666c6173687c733a32363a224f7264657220626572686173696c20646974616d6261686b616e223b5f5f63695f766172737c613a323a7b733a31313a226f726465725f666c617368223b733a333a226f6c64223b733a31313a226c6f67696e5f666c617368223b733a333a226f6c64223b7d6c6f67696e5f666c6173687c733a31363a22426572686173696c206c6f676f757421223b5f5f4143544956455f53455353494f4e5f444154417c733a3235363a223761343939363132643037363266373031306432626231363562326139393862383231663932386563393266363766323039333262373830376561353965626133623336383634393930323433373330616331353864376330653534313639326364613835373765373565653163633162333966336638336566393130316434704b7a76455751444c68616d6c6856306149315262526f4f553668594941644b4f7331546838557975586143584e556f58587337335066634f49557a6b35304b506a73522b537335525247714e776f757731712b4979696a4a44634b7a49666679754b6367516c4d6e436b365641505a773848616c6c615a74506e667a5a7164223b),
('k8ldhghdtuufjamvujr80fgs8c41l13r', '::1', 1717846455, 0x5f5f63695f6c6173745f726567656e65726174657c693a313731373834363435353b7265646972656374696f6e7c4e3b6f726465725f666c6173687c733a32363a224f7264657220626572686173696c20646974616d6261686b616e223b5f5f63695f766172737c613a323a7b733a31313a226f726465725f666c617368223b733a333a226f6c64223b733a31313a226c6f67696e5f666c617368223b733a333a226f6c64223b7d6c6f67696e5f666c6173687c733a31363a22426572686173696c206c6f676f757421223b5f5f4143544956455f53455353494f4e5f444154417c733a3235363a223761343939363132643037363266373031306432626231363562326139393862383231663932386563393266363766323039333262373830376561353965626133623336383634393930323433373330616331353864376330653534313639326364613835373765373565653163633162333966336638336566393130316434704b7a76455751444c68616d6c6856306149315262526f4f553668594941644b4f7331546838557975586143584e556f58587337335066634f49557a6b35304b506a73522b537335525247714e776f757731712b4979696a4a44634b7a49666679754b6367516c4d6e436b365641505a773848616c6c615a74506e667a5a7164223b),
('6i6285pvbr1ak5bb6njd3185dqs17gkr', '::1', 1717846777, 0x5f5f63695f6c6173745f726567656e65726174657c693a313731373834363737373b7265646972656374696f6e7c4e3b6f726465725f666c6173687c733a32363a224f7264657220626572686173696c20646974616d6261686b616e223b5f5f63695f766172737c613a323a7b733a31313a226f726465725f666c617368223b733a333a226f6c64223b733a31313a226c6f67696e5f666c617368223b733a333a226f6c64223b7d6c6f67696e5f666c6173687c733a31363a22426572686173696c206c6f676f757421223b5f5f4143544956455f53455353494f4e5f444154417c733a3235363a223761343939363132643037363266373031306432626231363562326139393862383231663932386563393266363766323039333262373830376561353965626133623336383634393930323433373330616331353864376330653534313639326364613835373765373565653163633162333966336638336566393130316434704b7a76455751444c68616d6c6856306149315262526f4f553668594941644b4f7331546838557975586143584e556f58587337335066634f49557a6b35304b506a73522b537335525247714e776f757731712b4979696a4a44634b7a49666679754b6367516c4d6e436b365641505a773848616c6c615a74506e667a5a7164223b),
('i7reucu4eshpf2aa1qn6jferrpr7fdj8', '::1', 1717847040, 0x5f5f63695f6c6173745f726567656e65726174657c693a313731373834363737373b7265646972656374696f6e7c4e3b6f726465725f666c6173687c733a32363a224f7264657220626572686173696c20646974616d6261686b616e223b5f5f63695f766172737c613a323a7b733a31313a226f726465725f666c617368223b733a333a226f6c64223b733a31313a226c6f67696e5f666c617368223b733a333a226f6c64223b7d6c6f67696e5f666c6173687c733a31363a22426572686173696c206c6f676f757421223b5f5f4143544956455f53455353494f4e5f444154417c733a3235363a223761343939363132643037363266373031306432626231363562326139393862383231663932386563393266363766323039333262373830376561353965626133623336383634393930323433373330616331353864376330653534313639326364613835373765373565653163633162333966336638336566393130316434704b7a76455751444c68616d6c6856306149315262526f4f553668594941644b4f7331546838557975586143584e556f58587337335066634f49557a6b35304b506a73522b537335525247714e776f757731712b4979696a4a44634b7a49666679754b6367516c4d6e436b365641505a773848616c6c615a74506e667a5a7164223b),
('4our24ns9nnth4vl1p2dn8ht80snu4ha', '::1', 1717920887, 0x5f5f63695f6c6173745f726567656e65726174657c693a313731373932303838373b7265646972656374696f6e7c4e3b5f5f4143544956455f53455353494f4e5f444154417c733a3235363a2266316337616466663238393536336566303664386263373163363535613332633265616338316362326562333663383334333338656436666439383962343435393038313831343437613730376462623764393231656537383931383134316533613837363636646137626631656136646137383233353030613637336236356645574c2f656d413148474e44695763556a46493870646244614a4456745749693142706548505273762f353444782f3867642b55674a7141417346747537317753616c644155737772557476782f6a41792b5a2b6f52455939484f354f456b727a59316c68677750705a61506a41514765306c2f73774d53776c6432436b71223b),
('gurv3o3jnels13vo3fks80vnlvu3vj0q', '::1', 1717921193, 0x5f5f63695f6c6173745f726567656e65726174657c693a313731373932313139333b7265646972656374696f6e7c4e3b5f5f4143544956455f53455353494f4e5f444154417c733a3235363a2266316337616466663238393536336566303664386263373163363535613332633265616338316362326562333663383334333338656436666439383962343435393038313831343437613730376462623764393231656537383931383134316533613837363636646137626631656136646137383233353030613637336236356645574c2f656d413148474e44695763556a46493870646244614a4456745749693142706548505273762f353444782f3867642b55674a7141417346747537317753616c644155737772557476782f6a41792b5a2b6f52455939484f354f456b727a59316c68677750705a61506a41514765306c2f73774d53776c6432436b71223b),
('ria7leajbu0a52nf2hksss2prrjcbqcs', '::1', 1717926859, 0x5f5f63695f6c6173745f726567656e65726174657c693a313731373932363835393b7265646972656374696f6e7c4e3b5f5f4143544956455f53455353494f4e5f444154417c733a3235363a2266316337616466663238393536336566303664386263373163363535613332633265616338316362326562333663383334333338656436666439383962343435393038313831343437613730376462623764393231656537383931383134316533613837363636646137626631656136646137383233353030613637336236356645574c2f656d413148474e44695763556a46493870646244614a4456745749693142706548505273762f353444782f3867642b55674a7141417346747537317753616c644155737772557476782f6a41792b5a2b6f52455939484f354f456b727a59316c68677750705a61506a41514765306c2f73774d53776c6432436b71223b),
('c0rjlv90sh3bo71h7b7s1mp28i55eegu', '::1', 1717927769, 0x5f5f63695f6c6173745f726567656e65726174657c693a313731373932373736393b7265646972656374696f6e7c4e3b5f5f4143544956455f53455353494f4e5f444154417c733a3235363a2266316337616466663238393536336566303664386263373163363535613332633265616338316362326562333663383334333338656436666439383962343435393038313831343437613730376462623764393231656537383931383134316533613837363636646137626631656136646137383233353030613637336236356645574c2f656d413148474e44695763556a46493870646244614a4456745749693142706548505273762f353444782f3867642b55674a7141417346747537317753616c644155737772557476782f6a41792b5a2b6f52455939484f354f456b727a59316c68677750705a61506a41514765306c2f73774d53776c6432436b71223b),
('r64k0pajpgo2n72q8bbi0d231gbpi38q', '::1', 1717927771, 0x5f5f63695f6c6173745f726567656e65726174657c693a313731373932373736393b7265646972656374696f6e7c4e3b5f5f4143544956455f53455353494f4e5f444154417c733a3235363a2266316337616466663238393536336566303664386263373163363535613332633265616338316362326562333663383334333338656436666439383962343435393038313831343437613730376462623764393231656537383931383134316533613837363636646137626631656136646137383233353030613637336236356645574c2f656d413148474e44695763556a46493870646244614a4456745749693142706548505273762f353444782f3867642b55674a7141417346747537317753616c644155737772557476782f6a41792b5a2b6f52455939484f354f456b727a59316c68677750705a61506a41514765306c2f73774d53776c6432436b71223b),
('i51ogdid1p2at3s4bpippsn6sq9k56c2', '::1', 1717951679, 0x5f5f63695f6c6173745f726567656e65726174657c693a313731373935313637393b),
('abd4gb74gvpruai1kf4mtrepokpp5jq7', '::1', 1717951681, 0x5f5f63695f6c6173745f726567656e65726174657c693a313731373935313637393b),
('i9nlcv87vtek1iunn6o9a96ean09rhhm', '::1', 1717987855, 0x5f5f63695f6c6173745f726567656e65726174657c693a313731373938373835353b),
('625uf27ubfgnmcr3ukd6hi8oqlgh528k', '::1', 1717987858, 0x5f5f63695f6c6173745f726567656e65726174657c693a313731373938373835353b),
('1a6b3aine8gmu77ct78j48ns9atmvjl3', '::1', 1718004041, 0x5f5f63695f6c6173745f726567656e65726174657c693a313731383030343034313b),
('rok8j0laqvo8hedfqc8i1ofiel014clj', '::1', 1718019280, 0x5f5f63695f6c6173745f726567656e65726174657c693a313731383031393238303b7265646972656374696f6e7c4e3b5f5f4143544956455f53455353494f4e5f444154417c733a3235363a2264623732323066386362376638383265303030623137393431356235633132643261636434373630643131323064613232656336346266323863646137643238386163366665613335613363633432316238333334636437663234383564363564396131616433633963356366346161373435323737373564333139306562374c6f616a6c78396a366154722b613135724a70626b67557930655673306d6b353061306e764436377075397a616c546d6e69784e4c35496a4a7639794b694d4a6b33666a52314e4b735437774f6849422f64707630374364415456736e4f476639447a425676366766556574784f526a6d6e6d646d504e476a375a6339364251223b636172745f636f6e74656e74737c613a333a7b733a31303a22636172745f746f74616c223b643a32353030303b733a31313a22746f74616c5f6974656d73223b643a313b733a33323a226138376666363739613266336537316439313831613637623735343231323263223b613a363a7b733a323a226964223b733a313a2234223b733a333a22717479223b643a313b733a353a227072696365223b643a32353030303b733a343a226e616d65223b733a31313a224d454c4f4e205345474152223b733a353a22726f776964223b733a33323a226138376666363739613266336537316439313831613637623735343231323263223b733a383a22737562746f74616c223b643a32353030303b7d7d),
('eungoae7ieu94ppacdoi6gcia2pos5og', '::1', 1718022684, 0x5f5f63695f6c6173745f726567656e65726174657c693a313731383032323638343b7265646972656374696f6e7c4e3b5f5f4143544956455f53455353494f4e5f444154417c733a3235363a2264623732323066386362376638383265303030623137393431356235633132643261636434373630643131323064613232656336346266323863646137643238386163366665613335613363633432316238333334636437663234383564363564396131616433633963356366346161373435323737373564333139306562374c6f616a6c78396a366154722b613135724a70626b67557930655673306d6b353061306e764436377075397a616c546d6e69784e4c35496a4a7639794b694d4a6b33666a52314e4b735437774f6849422f64707630374364415456736e4f476639447a425676366766556574784f526a6d6e6d646d504e476a375a6339364251223b636172745f636f6e74656e74737c613a333a7b733a31303a22636172745f746f74616c223b643a32353030303b733a31313a22746f74616c5f6974656d73223b643a313b733a33323a226138376666363739613266336537316439313831613637623735343231323263223b613a363a7b733a323a226964223b733a313a2234223b733a333a22717479223b643a313b733a353a227072696365223b643a32353030303b733a343a226e616d65223b733a31313a224d454c4f4e205345474152223b733a353a22726f776964223b733a33323a226138376666363739613266336537316439313831613637623735343231323263223b733a383a22737562746f74616c223b643a32353030303b7d7d),
('olan6mvn6g79206p0lapbrtbk0e58tjr', '::1', 1718022913, 0x5f5f63695f6c6173745f726567656e65726174657c693a313731383032323638343b7265646972656374696f6e7c4e3b636172745f636f6e74656e74737c613a333a7b733a31303a22636172745f746f74616c223b643a32353030303b733a31313a22746f74616c5f6974656d73223b643a313b733a33323a226138376666363739613266336537316439313831613637623735343231323263223b613a363a7b733a323a226964223b733a313a2234223b733a333a22717479223b643a313b733a353a227072696365223b643a32353030303b733a343a226e616d65223b733a31313a224d454c4f4e205345474152223b733a353a22726f776964223b733a33323a226138376666363739613266336537316439313831613637623735343231323263223b733a383a22737562746f74616c223b643a32353030303b7d7d70726f66696c657c733a32343a22416b756e20626572686173696c2064697065726261727569223b5f5f63695f766172737c613a333a7b733a373a2270726f66696c65223b733a333a226f6c64223b733a383a2273686f775f746162223b733a333a226f6c64223b733a31313a226c6f67696e5f666c617368223b733a333a226f6c64223b7d73686f775f7461627c733a343a22616b756e223b6c6f67696e5f666c6173687c733a31363a22426572686173696c206c6f676f757421223b5f5f4143544956455f53455353494f4e5f444154417c733a3235363a226231653032626134323661376131643736656430356332356234366533313332383366646136653465363162613430373534663634623837666332663861643735316466373835343866333539366235373431653362386134616162613430363863386439623065333164656236656338643031363163663630333765633163565a784d644f33722b763939466a566971634278686b55495434727853744c6f634237706a7030775a48486f37356f4a477932482f6d446c454e6e6f69386b6c454c4c3151586b37734c6d5633584f576c67584332474c346258704d68794469456f4f316c3052716871492b51546c35504f7776666652434b4c6a6b50587332223b),
('cm22o9jhj99p8a5lh5ijnpkidgq8psrv', '::1', 1718077048, 0x5f5f63695f6c6173745f726567656e65726174657c693a313731383037373034383b7265646972656374696f6e7c733a38343a226148523063446f764c327876593246736147397a644339306232747658324a31595767766157356b5a586775634768774c324e3163335276625756794c3342686557316c626e527a4c324e76626d5a70636d303d223b),
('vgu2odpeibukjjnfjqid3ckps6urbna1', '::1', 1718077467, 0x5f5f63695f6c6173745f726567656e65726174657c693a313731383037373436373b7265646972656374696f6e7c733a38343a226148523063446f764c327876593246736147397a644339306232747658324a31595767766157356b5a586775634768774c324e3163335276625756794c3342686557316c626e527a4c324e76626d5a70636d303d223b),
('hao1e69h95jclnhej2m5ikermeph9svj', '::1', 1718077796, 0x5f5f63695f6c6173745f726567656e65726174657c693a313731383037373739363b7265646972656374696f6e7c733a38343a226148523063446f764c327876593246736147397a644339306232747658324a31595767766157356b5a586775634768774c324e3163335276625756794c3342686557316c626e527a4c324e76626d5a70636d303d223b),
('vgkavqq814kbairqf3nll8luqmqu8gm2', '::1', 1718078358, 0x5f5f63695f6c6173745f726567656e65726174657c693a313731383037383335383b7265646972656374696f6e7c733a38343a226148523063446f764c327876593246736147397a644339306232747658324a31595767766157356b5a586775634768774c324e3163335276625756794c3342686557316c626e527a4c324e76626d5a70636d303d223b),
('i0rjc7gp8smjrqcg1bnvcck3enub2f8q', '::1', 1718078706, 0x5f5f63695f6c6173745f726567656e65726174657c693a313731383037383730363b7265646972656374696f6e7c733a38343a226148523063446f764c327876593246736147397a644339306232747658324a31595767766157356b5a586775634768774c324e3163335276625756794c3342686557316c626e527a4c324e76626d5a70636d303d223b),
('2a34pejjp4ndtpiv9oo077bf6ma26isr', '::1', 1718079012, 0x5f5f63695f6c6173745f726567656e65726174657c693a313731383037393031323b7265646972656374696f6e7c733a38343a226148523063446f764c327876593246736147397a644339306232747658324a31595767766157356b5a586775634768774c324e3163335276625756794c3342686557316c626e527a4c324e76626d5a70636d303d223b),
('a88pkrmdrspq8qijebgi02ohlhdalubc', '::1', 1718079329, 0x5f5f63695f6c6173745f726567656e65726174657c693a313731383037393332393b7265646972656374696f6e7c733a38343a226148523063446f764c327876593246736147397a644339306232747658324a31595767766157356b5a586775634768774c324e3163335276625756794c3342686557316c626e527a4c324e76626d5a70636d303d223b),
('d3au5sfrtqcaitmbquo3j6qk8n8mdgqo', '::1', 1718079714, 0x5f5f63695f6c6173745f726567656e65726174657c693a313731383037393731343b7265646972656374696f6e7c733a38343a226148523063446f764c327876593246736147397a644339306232747658324a31595767766157356b5a586775634768774c324e3163335276625756794c3342686557316c626e527a4c324e76626d5a70636d303d223b),
('5k2770scdtkpkh6pt1ebu5ek14cipvuj', '::1', 1718080063, 0x5f5f63695f6c6173745f726567656e65726174657c693a313731383038303036333b7265646972656374696f6e7c733a38343a226148523063446f764c327876593246736147397a644339306232747658324a31595767766157356b5a586775634768774c324e3163335276625756794c3342686557316c626e527a4c324e76626d5a70636d303d223b),
('elnpalvt7gt9tpshvoqrh63kgrvto1hh', '::1', 1718080394, 0x5f5f63695f6c6173745f726567656e65726174657c693a313731383038303339343b7265646972656374696f6e7c733a38343a226148523063446f764c327876593246736147397a644339306232747658324a31595767766157356b5a586775634768774c324e3163335276625756794c3342686557316c626e527a4c324e76626d5a70636d303d223b),
('idc4l8qlu5bahjk4scaa62e849lqvkbk', '::1', 1718080963, 0x5f5f63695f6c6173745f726567656e65726174657c693a313731383038303936333b7265646972656374696f6e7c733a38343a226148523063446f764c327876593246736147397a644339306232747658324a31595767766157356b5a586775634768774c324e3163335276625756794c3342686557316c626e527a4c324e76626d5a70636d303d223b),
('cn63mr2a636ondrr8pj53smrcjnb6hlq', '::1', 1718081337, 0x5f5f63695f6c6173745f726567656e65726174657c693a313731383038313333373b7265646972656374696f6e7c733a38343a226148523063446f764c327876593246736147397a644339306232747658324a31595767766157356b5a586775634768774c324e3163335276625756794c3342686557316c626e527a4c324e76626d5a70636d303d223b),
('9na70irto6clqv1pipcruqqbevo1qsi5', '::1', 1718081675, 0x5f5f63695f6c6173745f726567656e65726174657c693a313731383038313637353b7265646972656374696f6e7c4e3b5f5f4143544956455f53455353494f4e5f444154417c733a3235363a22353766616433313236616463376434633532383464363838636566366636653662336332646536383430356433646561356662643533303764616436633763656361616463343266633539326339656631313436363861613563353732303365633266613534323664616434613437616265623735306632613566393465636571444e546d4a6d323864776c6359376972574a4a4775522f447838786834563063635a4b4744487275647043655a6a5a31786675463743506b7a494c2f3271434b6c4c767272427346496232446c34306247637949587635703771786f42683554672f564a69694751336b4e6d565a784a31766c786142395966324a5567686f223b656469745f70726f647563745f666c6173687c733a32373a2250726f64756b20626572686173696c206469706572626172756921223b5f5f63695f766172737c613a313a7b733a31383a22656469745f70726f647563745f666c617368223b733a333a226f6c64223b7d),
('3sjgbuthsr52h1akr3ksgj1esot6rqav', '::1', 1718082002, 0x5f5f63695f6c6173745f726567656e65726174657c693a313731383038323030323b7265646972656374696f6e7c4e3b5f5f4143544956455f53455353494f4e5f444154417c733a3235363a22353766616433313236616463376434633532383464363838636566366636653662336332646536383430356433646561356662643533303764616436633763656361616463343266633539326339656631313436363861613563353732303365633266613534323664616434613437616265623735306632613566393465636571444e546d4a6d323864776c6359376972574a4a4775522f447838786834563063635a4b4744487275647043655a6a5a31786675463743506b7a494c2f3271434b6c4c767272427346496232446c34306247637949587635703771786f42683554672f564a69694751336b4e6d565a784a31766c786142395966324a5567686f223b656469745f70726f647563745f666c6173687c733a32373a2250726f64756b20626572686173696c206469706572626172756921223b5f5f63695f766172737c613a313a7b733a31383a22656469745f70726f647563745f666c617368223b733a333a226f6c64223b7d),
('25et2rd4neikb5t1dmgmvs4u4u4lve8j', '::1', 1718082305, 0x5f5f63695f6c6173745f726567656e65726174657c693a313731383038323330353b7265646972656374696f6e7c4e3b5f5f4143544956455f53455353494f4e5f444154417c733a3235363a22353766616433313236616463376434633532383464363838636566366636653662336332646536383430356433646561356662643533303764616436633763656361616463343266633539326339656631313436363861613563353732303365633266613534323664616434613437616265623735306632613566393465636571444e546d4a6d323864776c6359376972574a4a4775522f447838786834563063635a4b4744487275647043655a6a5a31786675463743506b7a494c2f3271434b6c4c767272427346496232446c34306247637949587635703771786f42683554672f564a69694751336b4e6d565a784a31766c786142395966324a5567686f223b656469745f70726f647563745f666c6173687c733a32373a2250726f64756b20626572686173696c206469706572626172756921223b5f5f63695f766172737c613a313a7b733a31383a22656469745f70726f647563745f666c617368223b733a333a226f6c64223b7d),
('be4d30mkaceopim3hrdj1nd0bfq19pvl', '::1', 1718082624, 0x5f5f63695f6c6173745f726567656e65726174657c693a313731383038323632343b7265646972656374696f6e7c4e3b5f5f4143544956455f53455353494f4e5f444154417c733a3235363a22353766616433313236616463376434633532383464363838636566366636653662336332646536383430356433646561356662643533303764616436633763656361616463343266633539326339656631313436363861613563353732303365633266613534323664616434613437616265623735306632613566393465636571444e546d4a6d323864776c6359376972574a4a4775522f447838786834563063635a4b4744487275647043655a6a5a31786675463743506b7a494c2f3271434b6c4c767272427346496232446c34306247637949587635703771786f42683554672f564a69694751336b4e6d565a784a31766c786142395966324a5567686f223b656469745f70726f647563745f666c6173687c733a32373a2250726f64756b20626572686173696c206469706572626172756921223b5f5f63695f766172737c613a313a7b733a31383a22656469745f70726f647563745f666c617368223b733a333a226f6c64223b7d),
('h13764f72rtb35onut7ea183rtkrngsr', '::1', 1718082994, 0x5f5f63695f6c6173745f726567656e65726174657c693a313731383038323939343b7265646972656374696f6e7c4e3b5f5f4143544956455f53455353494f4e5f444154417c733a3235363a22353766616433313236616463376434633532383464363838636566366636653662336332646536383430356433646561356662643533303764616436633763656361616463343266633539326339656631313436363861613563353732303365633266613534323664616434613437616265623735306632613566393465636571444e546d4a6d323864776c6359376972574a4a4775522f447838786834563063635a4b4744487275647043655a6a5a31786675463743506b7a494c2f3271434b6c4c767272427346496232446c34306247637949587635703771786f42683554672f564a69694751336b4e6d565a784a31766c786142395966324a5567686f223b656469745f70726f647563745f666c6173687c733a32373a2250726f64756b20626572686173696c206469706572626172756921223b5f5f63695f766172737c613a313a7b733a31383a22656469745f70726f647563745f666c617368223b733a333a226f6c64223b7d),
('mkkcgk1u0ijloeecms4b7o1hhltrs2en', '::1', 1718083304, 0x5f5f63695f6c6173745f726567656e65726174657c693a313731383038333330343b7265646972656374696f6e7c4e3b5f5f4143544956455f53455353494f4e5f444154417c733a3235363a22353766616433313236616463376434633532383464363838636566366636653662336332646536383430356433646561356662643533303764616436633763656361616463343266633539326339656631313436363861613563353732303365633266613534323664616434613437616265623735306632613566393465636571444e546d4a6d323864776c6359376972574a4a4775522f447838786834563063635a4b4744487275647043655a6a5a31786675463743506b7a494c2f3271434b6c4c767272427346496232446c34306247637949587635703771786f42683554672f564a69694751336b4e6d565a784a31766c786142395966324a5567686f223b656469745f70726f647563745f666c6173687c733a32373a2250726f64756b20626572686173696c206469706572626172756921223b5f5f63695f766172737c613a313a7b733a31383a22656469745f70726f647563745f666c617368223b733a333a226f6c64223b7d),
('57mb1rndncsoujc3sv8s39mebe2baej8', '::1', 1718084251, 0x5f5f63695f6c6173745f726567656e65726174657c693a313731383038343235313b7265646972656374696f6e7c4e3b5f5f4143544956455f53455353494f4e5f444154417c733a3235363a22353766616433313236616463376434633532383464363838636566366636653662336332646536383430356433646561356662643533303764616436633763656361616463343266633539326339656631313436363861613563353732303365633266613534323664616434613437616265623735306632613566393465636571444e546d4a6d323864776c6359376972574a4a4775522f447838786834563063635a4b4744487275647043655a6a5a31786675463743506b7a494c2f3271434b6c4c767272427346496232446c34306247637949587635703771786f42683554672f564a69694751336b4e6d565a784a31766c786142395966324a5567686f223b656469745f70726f647563745f666c6173687c733a32373a2250726f64756b20626572686173696c206469706572626172756921223b5f5f63695f766172737c613a313a7b733a31383a22656469745f70726f647563745f666c617368223b733a333a226f6c64223b7d),
('p3cj0din4jt9hqs4tq8t8bhj7u8odi45', '::1', 1718084778, 0x5f5f63695f6c6173745f726567656e65726174657c693a313731383038343737383b7265646972656374696f6e7c4e3b5f5f4143544956455f53455353494f4e5f444154417c733a3235363a2239633831333338623331373034336131623865316663646339626637323735366339623837666663613064316538383431316564353961616634366362313239393939393432313563366530653430313064376363356366313430353862316665646637373563393665326364316438313663343131303462613038616532365067557678474a6e513153785178312b4151617a5a50774e35467746326254567366427a42634c4e5958796174786863586a6f3036674a6a716f33346c74714c744164313142584e2f76616d7136724e77616e66583456796e484f5178634f7268634e69696e3869477770584664624f354c427746546241614b5a474e2b7a2b223b656469745f70726f647563745f666c6173687c733a32373a2250726f64756b20626572686173696c206469706572626172756921223b5f5f63695f766172737c613a313a7b733a31383a22656469745f70726f647563745f666c617368223b733a333a226f6c64223b7d),
('krf7n4os09l82637qqcmsc9bu9fi9tcl', '::1', 1718085523, 0x5f5f63695f6c6173745f726567656e65726174657c693a313731383038353532333b7265646972656374696f6e7c4e3b5f5f4143544956455f53455353494f4e5f444154417c733a3235363a2239633831333338623331373034336131623865316663646339626637323735366339623837666663613064316538383431316564353961616634366362313239393939393432313563366530653430313064376363356366313430353862316665646637373563393665326364316438313663343131303462613038616532365067557678474a6e513153785178312b4151617a5a50774e35467746326254567366427a42634c4e5958796174786863586a6f3036674a6a716f33346c74714c744164313142584e2f76616d7136724e77616e66583456796e484f5178634f7268634e69696e3869477770584664624f354c427746546241614b5a474e2b7a2b223b656469745f70726f647563745f666c6173687c733a32373a2250726f64756b20626572686173696c206469706572626172756921223b5f5f63695f766172737c613a313a7b733a31383a22656469745f70726f647563745f666c617368223b733a333a226f6c64223b7d),
('a1vkibhl3fj413q2c4dguchubv045umm', '::1', 1718085922, 0x5f5f63695f6c6173745f726567656e65726174657c693a313731383038353932323b7265646972656374696f6e7c4e3b5f5f4143544956455f53455353494f4e5f444154417c733a3235363a2235626330626632323566663565383165346663346336353132303434613835616538663339383031373635656331343861386538303536393863346433623330653361386130626331626638353737613661646138396232623833336633373635616534383636663036656362633766306462316661383339326139633933375075307861564c34737a4d673079656f4e46724e425238656469463261524a5450534e353872415a695a704f51667763315a42313536574b57645169336f796977414e4c3942445038644577466e6b465943766263377361584c3672414c597a5567636541524d76556d2f31552b563164533977544672444945625856543865223b656469745f70726f647563745f666c6173687c733a32373a2250726f64756b20626572686173696c206469706572626172756921223b5f5f63695f766172737c613a313a7b733a31383a22656469745f70726f647563745f666c617368223b733a333a226f6c64223b7d),
('sno95dg705qe4jcru3n28ehtpf6jang0', '::1', 1718086120, 0x5f5f63695f6c6173745f726567656e65726174657c693a313731383038353932323b7265646972656374696f6e7c4e3b5f5f4143544956455f53455353494f4e5f444154417c733a3235363a2235626330626632323566663565383165346663346336353132303434613835616538663339383031373635656331343861386538303536393863346433623330653361386130626331626638353737613661646138396232623833336633373635616534383636663036656362633766306462316661383339326139633933375075307861564c34737a4d673079656f4e46724e425238656469463261524a5450534e353872415a695a704f51667763315a42313536574b57645169336f796977414e4c3942445038644577466e6b465943766263377361584c3672414c597a5567636541524d76556d2f31552b563164533977544672444945625856543865223b656469745f70726f647563745f666c6173687c733a32373a2250726f64756b20626572686173696c206469706572626172756921223b5f5f63695f766172737c613a313a7b733a31383a22656469745f70726f647563745f666c617368223b733a333a226f6c64223b7d),
('msdnro9lfg7hdfj15ujf58201i02j5qe', '::1', 1718088516, 0x5f5f63695f6c6173745f726567656e65726174657c693a313731383038383531363b7265646972656374696f6e7c4e3b5f5f4143544956455f53455353494f4e5f444154417c733a3235363a2232643039633530613834643338353766373266363964653536393966306536653362636462643638303539643566343261353464393733363836343137343637323562373237613437613039333364333164633966383032633137626335393664366163336665646662346362306338633765376233363230643963646536652b472b6b6f3154566d5138477551516738466f43364d4a6733443738626c706471484859426e527a612b5345312f514946786c7151796749556b79734a6f6c576e6355502f7a5536485735574c6f48592f326e71454332782b4237367a466f68764b627769535a3979472b3661386867476c46357046577562465a56376b325a223b656469745f70726f647563745f666c6173687c733a32373a2250726f64756b20626572686173696c206469706572626172756921223b5f5f63695f766172737c613a313a7b733a31383a22656469745f70726f647563745f666c617368223b733a333a226f6c64223b7d),
('ho6akvbp8d9tb7vg1do0ulcfnbn4u2ti', '::1', 1718088822, 0x5f5f63695f6c6173745f726567656e65726174657c693a313731383038383832323b7265646972656374696f6e7c4e3b5f5f4143544956455f53455353494f4e5f444154417c733a3235363a2232643039633530613834643338353766373266363964653536393966306536653362636462643638303539643566343261353464393733363836343137343637323562373237613437613039333364333164633966383032633137626335393664366163336665646662346362306338633765376233363230643963646536652b472b6b6f3154566d5138477551516738466f43364d4a6733443738626c706471484859426e527a612b5345312f514946786c7151796749556b79734a6f6c576e6355502f7a5536485735574c6f48592f326e71454332782b4237367a466f68764b627769535a3979472b3661386867476c46357046577562465a56376b325a223b656469745f70726f647563745f666c6173687c733a32373a2250726f64756b20626572686173696c206469706572626172756921223b5f5f63695f766172737c613a313a7b733a31383a22656469745f70726f647563745f666c617368223b733a333a226f6c64223b7d),
('tsu9phttknund722elt79vidgguppop9', '::1', 1718089509, 0x5f5f63695f6c6173745f726567656e65726174657c693a313731383038393530393b7265646972656374696f6e7c4e3b5f5f4143544956455f53455353494f4e5f444154417c733a3235363a2232643039633530613834643338353766373266363964653536393966306536653362636462643638303539643566343261353464393733363836343137343637323562373237613437613039333364333164633966383032633137626335393664366163336665646662346362306338633765376233363230643963646536652b472b6b6f3154566d5138477551516738466f43364d4a6733443738626c706471484859426e527a612b5345312f514946786c7151796749556b79734a6f6c576e6355502f7a5536485735574c6f48592f326e71454332782b4237367a466f68764b627769535a3979472b3661386867476c46357046577562465a56376b325a223b656469745f70726f647563745f666c6173687c733a32373a2250726f64756b20626572686173696c206469706572626172756921223b5f5f63695f766172737c613a323a7b733a31383a22656469745f70726f647563745f666c617368223b733a333a226f6c64223b733a32313a226164645f6e65775f70726f647563745f666c617368223b733a333a226f6c64223b7d6164645f6e65775f70726f647563745f666c6173687c733a33333a2250726f64756b206261727520626572686173696c20646974616d6261686b616e21223b),
('6h16n2u7k7foj5f06vkt3aq0so7frg6h', '::1', 1718091190, 0x5f5f63695f6c6173745f726567656e65726174657c693a313731383039313139303b7265646972656374696f6e7c4e3b5f5f4143544956455f53455353494f4e5f444154417c733a3235363a2232643039633530613834643338353766373266363964653536393966306536653362636462643638303539643566343261353464393733363836343137343637323562373237613437613039333364333164633966383032633137626335393664366163336665646662346362306338633765376233363230643963646536652b472b6b6f3154566d5138477551516738466f43364d4a6733443738626c706471484859426e527a612b5345312f514946786c7151796749556b79734a6f6c576e6355502f7a5536485735574c6f48592f326e71454332782b4237367a466f68764b627769535a3979472b3661386867476c46357046577562465a56376b325a223b656469745f70726f647563745f666c6173687c733a32373a2250726f64756b20626572686173696c206469706572626172756921223b5f5f63695f766172737c613a323a7b733a31383a22656469745f70726f647563745f666c617368223b733a333a226f6c64223b733a32313a226164645f6e65775f70726f647563745f666c617368223b733a333a226f6c64223b7d6164645f6e65775f70726f647563745f666c6173687c733a33333a2250726f64756b206261727520626572686173696c20646974616d6261686b616e21223b),
('tj4dndve9rh23iue6nkcrf3qf69arvnr', '::1', 1718091496, 0x5f5f63695f6c6173745f726567656e65726174657c693a313731383039313439363b7265646972656374696f6e7c733a38303a226148523063446f764c327876593246736147397a644339306232747658324a31595767766157356b5a586775634768774c32466b62576c754c334279623252315933527a4c335a705a5863764d546b3d223b656469745f70726f647563745f666c6173687c733a32373a2250726f64756b20626572686173696c206469706572626172756921223b5f5f63695f766172737c613a333a7b733a31383a22656469745f70726f647563745f666c617368223b733a333a226f6c64223b733a32313a226164645f6e65775f70726f647563745f666c617368223b733a333a226f6c64223b733a31313a226c6f67696e5f666c617368223b733a333a226f6c64223b7d6164645f6e65775f70726f647563745f666c6173687c733a33333a2250726f64756b206261727520626572686173696c20646974616d6261686b616e21223b6c6f67696e5f666c6173687c733a31363a22426572686173696c206c6f676f757421223b);
INSERT INTO `ci_sessions` (`id`, `ip_address`, `timestamp`, `data`) VALUES
('t0i9cin2lf6qq9o9kfteqebkd8p9dk7c', '::1', 1718091818, 0x5f5f63695f6c6173745f726567656e65726174657c693a313731383039313831383b656469745f70726f647563745f666c6173687c733a32373a2250726f64756b20626572686173696c206469706572626172756921223b5f5f63695f766172737c613a333a7b733a31383a22656469745f70726f647563745f666c617368223b733a333a226f6c64223b733a32313a226164645f6e65775f70726f647563745f666c617368223b733a333a226f6c64223b733a31313a226c6f67696e5f666c617368223b733a333a226f6c64223b7d6164645f6e65775f70726f647563745f666c6173687c733a33333a2250726f64756b206261727520626572686173696c20646974616d6261686b616e21223b6c6f67696e5f666c6173687c733a31363a22426572686173696c206c6f676f757421223b5f5f4143544956455f53455353494f4e5f444154417c733a3235363a2264323939613461633731353230303963343364396465356464376535623332636461653231386135326638613165643332316362663766636432613361343266663164306463306362376435313634636236643961316339656164313939346566336338613966346331613130343032646532373334313331356337623965334f365661415a77727846495a567058367a6533524b6d77424c613562706a2f4e6279553575353845515361434a47727a44546e72686f6469796362613054424435316d563753637577487755612f31485350466f712f59524c754e5259494b50524f504767726f76426d584c466e38567376643431464331644c2b7a47715857223b7265646972656374696f6e7c733a38303a226148523063446f764c327876593246736147397a644339306232747658324a31595767766157356b5a586775634768774c32466b62576c754c334279623252315933527a4c335a705a5863764d546b3d223b),
('634fcnegdviuivhlorkg5smf4j58jeep', '::1', 1718092237, 0x5f5f63695f6c6173745f726567656e65726174657c693a313731383039323233373b656469745f70726f647563745f666c6173687c733a32373a2250726f64756b20626572686173696c206469706572626172756921223b5f5f63695f766172737c613a333a7b733a31383a22656469745f70726f647563745f666c617368223b733a333a226f6c64223b733a32313a226164645f6e65775f70726f647563745f666c617368223b733a333a226f6c64223b733a31313a226c6f67696e5f666c617368223b733a333a226f6c64223b7d6164645f6e65775f70726f647563745f666c6173687c733a33333a2250726f64756b206261727520626572686173696c20646974616d6261686b616e21223b6c6f67696e5f666c6173687c733a31363a22426572686173696c206c6f676f757421223b5f5f4143544956455f53455353494f4e5f444154417c733a3235363a2264323939613461633731353230303963343364396465356464376535623332636461653231386135326638613165643332316362663766636432613361343266663164306463306362376435313634636236643961316339656164313939346566336338613966346331613130343032646532373334313331356337623965334f365661415a77727846495a567058367a6533524b6d77424c613562706a2f4e6279553575353845515361434a47727a44546e72686f6469796362613054424435316d563753637577487755612f31485350466f712f59524c754e5259494b50524f504767726f76426d584c466e38567376643431464331644c2b7a47715857223b7265646972656374696f6e7c733a38303a226148523063446f764c327876593246736147397a644339306232747658324a31595767766157356b5a586775634768774c32466b62576c754c334279623252315933527a4c335a705a5863764d546b3d223b),
('f4vgk581vrph21vfka23cl1ov8gfpkk3', '::1', 1718092237, 0x5f5f63695f6c6173745f726567656e65726174657c693a313731383039323233373b656469745f70726f647563745f666c6173687c733a32373a2250726f64756b20626572686173696c206469706572626172756921223b5f5f63695f766172737c613a333a7b733a31383a22656469745f70726f647563745f666c617368223b733a333a226f6c64223b733a32313a226164645f6e65775f70726f647563745f666c617368223b733a333a226f6c64223b733a31313a226c6f67696e5f666c617368223b733a333a226f6c64223b7d6164645f6e65775f70726f647563745f666c6173687c733a33333a2250726f64756b206261727520626572686173696c20646974616d6261686b616e21223b6c6f67696e5f666c6173687c733a31363a22426572686173696c206c6f676f757421223b5f5f4143544956455f53455353494f4e5f444154417c733a3235363a2264323939613461633731353230303963343364396465356464376535623332636461653231386135326638613165643332316362663766636432613361343266663164306463306362376435313634636236643961316339656164313939346566336338613966346331613130343032646532373334313331356337623965334f365661415a77727846495a567058367a6533524b6d77424c613562706a2f4e6279553575353845515361434a47727a44546e72686f6469796362613054424435316d563753637577487755612f31485350466f712f59524c754e5259494b50524f504767726f76426d584c466e38567376643431464331644c2b7a47715857223b7265646972656374696f6e7c733a38303a226148523063446f764c327876593246736147397a644339306232747658324a31595767766157356b5a586775634768774c32466b62576c754c334279623252315933527a4c335a705a5863764d546b3d223b),
('cqppql74fod65486g7r0hj6vpq74cft5', '::1', 1718166321, 0x5f5f63695f6c6173745f726567656e65726174657c693a313731383136363332313b),
('pcv5tpfu9hgcvrn6e910uvvecqa4rtnk', '::1', 1718166757, 0x5f5f63695f6c6173745f726567656e65726174657c693a313731383136363735373b),
('au252ajp1pdcf239n7iv92dpm02g0v3t', '::1', 1718167280, 0x5f5f63695f6c6173745f726567656e65726174657c693a313731383136373238303b),
('bg80qt5u5mb26sdmo90uce8vi81vu9hb', '::1', 1718167920, 0x5f5f63695f6c6173745f726567656e65726174657c693a313731383136373932303b),
('qe829hf37rng57haic0kckm80almbrqi', '::1', 1718168335, 0x5f5f63695f6c6173745f726567656e65726174657c693a313731383136383333353b7265646972656374696f6e7c4e3b),
('p9k7eo2f5c55nn40dhmemvu84i876qpn', '::1', 1718168636, 0x5f5f63695f6c6173745f726567656e65726174657c693a313731383136383633363b7265646972656374696f6e7c4e3b),
('aeeo0aa77k4ljo21dbehthqacu9v97t8', '::1', 1718169037, 0x5f5f63695f6c6173745f726567656e65726174657c693a313731383136393033373b7265646972656374696f6e7c4e3b),
('vbldnkheogdtg3n1p90meqj4m1hf9ps8', '::1', 1718169612, 0x5f5f63695f6c6173745f726567656e65726174657c693a313731383136393631323b7265646972656374696f6e7c4e3b5f5f4143544956455f53455353494f4e5f444154417c733a3235363a223333363038343164623538346361643865326565366562653162326137656539373436656231643231323765633562323662323036346131663134313064333862343637306162613233656261396238326463323065383739323464656133646538626465633038383963386338633162313633393738613364343434323232704674467372783934527170306c48473066565570412b564e464959732f446a6e6a2f46453942455a4e2f61506a5861486d4249782b506e5979314278687778735652366875517a584567796e6447586154617779776d69627a43496f334d6f594168304e5a6e3670724a3235684f7971614f73394948464459595445535063223b),
('kkossuk6rda0qvv5uo4tp6jtgc97j3gj', '::1', 1718169915, 0x5f5f63695f6c6173745f726567656e65726174657c693a313731383136393931353b7265646972656374696f6e7c4e3b6c6f67696e5f666c6173687c733a31353a2250617373776f72642073616c616821223b5f5f63695f766172737c613a323a7b733a31313a226c6f67696e5f666c617368223b733a333a226f6c64223b733a31323a226f6c645f757365726e616d65223b733a333a226f6c64223b7d6f6c645f757365726e616d657c733a353a2273616e6469223b5f5f4143544956455f53455353494f4e5f444154417c733a3235363a226664646133353437326562366333343432373661306663306635336633303935356136346131623063653337646364613463363230333638333635656137386333303132353866623237346631313533363763666534633365616235623837323237373265393533383836616239393862656661656635313435313530666630757a396a63334c565663686254694c4e59762f6b56524739634859746e565636537744663472756844514b48466e574b313742504f7269686855466b6153306d494671486a776735754e72706d53666d6d5974574561396b3732554d4f726236544c6f326633487a533448644f516d2b3236636737327750784154445a356367223b),
('mt2is9mkqn39b760masp3jpc1kvkorrq', '::1', 1718170225, 0x5f5f63695f6c6173745f726567656e65726174657c693a313731383137303232353b7265646972656374696f6e7c4e3b6c6f67696e5f666c6173687c733a31363a22426572686173696c206c6f676f757421223b5f5f63695f766172737c613a323a7b733a31313a226c6f67696e5f666c617368223b733a333a226f6c64223b733a31323a226f6c645f757365726e616d65223b733a333a226f6c64223b7d6f6c645f757365726e616d657c733a353a2273616e6469223b),
('nnqvp2vga08kshks7k5f27de0796vijq', '::1', 1718170536, 0x5f5f63695f6c6173745f726567656e65726174657c693a313731383137303533363b7265646972656374696f6e7c4e3b6c6f67696e5f666c6173687c733a31363a22426572686173696c206c6f676f757421223b5f5f63695f766172737c613a323a7b733a31313a226c6f67696e5f666c617368223b733a333a226f6c64223b733a31323a226f6c645f757365726e616d65223b733a333a226f6c64223b7d6f6c645f757365726e616d657c733a353a2273616e6469223b5f5f4143544956455f53455353494f4e5f444154417c733a3235363a22353838663433323530663439383562363032353237643338353163663837356464663939633833656462343830323033396134633133353733643531383330323134393435346536663731306662663962343939363637383666616132643662656637306334626339613339333265306632626436393532313866613936633638345762464473317155374f61467454386d6d4552347069574b3845345165634b6639356452316a30584f2b41555031314a4e343532396d724d434c517839354e705874342b2b3470616d745664706e4a6c4b56416a787a57697461724342694e48742f2b70756933357769784c49345847664330515969506b505379395146223b636172745f636f6e74656e74737c613a333a7b733a31303a22636172745f746f74616c223b643a3439393939392e39393b733a31313a22746f74616c5f6974656d73223b643a313b733a33323a226138376666363739613266336537316439313831613637623735343231323263223b613a363a7b733a323a226964223b733a313a2234223b733a333a22717479223b643a313b733a353a227072696365223b643a3439393939392e39393b733a343a226e616d65223b733a33303a2259535320536d6f6f7468205061636b61676520466f722041445620313530223b733a353a22726f776964223b733a33323a226138376666363739613266336537316439313831613637623735343231323263223b733a383a22737562746f74616c223b643a3439393939392e39393b7d7d),
('371b73jlqbjmne5nr6ekjbi7ph6qug5o', '::1', 1718170843, 0x5f5f63695f6c6173745f726567656e65726174657c693a313731383137303834333b7265646972656374696f6e7c4e3b6c6f67696e5f666c6173687c733a31363a22426572686173696c206c6f676f757421223b5f5f63695f766172737c613a323a7b733a31313a226c6f67696e5f666c617368223b733a333a226f6c64223b733a31323a226f6c645f757365726e616d65223b733a333a226f6c64223b7d6f6c645f757365726e616d657c733a353a2273616e6469223b5f5f4143544956455f53455353494f4e5f444154417c733a3235363a22353838663433323530663439383562363032353237643338353163663837356464663939633833656462343830323033396134633133353733643531383330323134393435346536663731306662663962343939363637383666616132643662656637306334626339613339333265306632626436393532313866613936633638345762464473317155374f61467454386d6d4552347069574b3845345165634b6639356452316a30584f2b41555031314a4e343532396d724d434c517839354e705874342b2b3470616d745664706e4a6c4b56416a787a57697461724342694e48742f2b70756933357769784c49345847664330515969506b505379395146223b636172745f636f6e74656e74737c613a333a7b733a31303a22636172745f746f74616c223b643a3439393939392e39393b733a31313a22746f74616c5f6974656d73223b643a313b733a33323a226138376666363739613266336537316439313831613637623735343231323263223b613a363a7b733a323a226964223b733a313a2234223b733a333a22717479223b643a313b733a353a227072696365223b643a3439393939392e39393b733a343a226e616d65223b733a33303a2259535320536d6f6f7468205061636b61676520466f722041445620313530223b733a353a22726f776964223b733a33323a226138376666363739613266336537316439313831613637623735343231323263223b733a383a22737562746f74616c223b643a3439393939392e39393b7d7d),
('j6htioral1ne0ddqffhulh365bc5r6aa', '::1', 1718171260, 0x5f5f63695f6c6173745f726567656e65726174657c693a313731383137313236303b7265646972656374696f6e7c4e3b6c6f67696e5f666c6173687c733a31363a22426572686173696c206c6f676f757421223b5f5f63695f766172737c613a323a7b733a31313a226c6f67696e5f666c617368223b733a333a226f6c64223b733a31323a226f6c645f757365726e616d65223b733a333a226f6c64223b7d6f6c645f757365726e616d657c733a353a2273616e6469223b5f5f4143544956455f53455353494f4e5f444154417c733a3235363a22353838663433323530663439383562363032353237643338353163663837356464663939633833656462343830323033396134633133353733643531383330323134393435346536663731306662663962343939363637383666616132643662656637306334626339613339333265306632626436393532313866613936633638345762464473317155374f61467454386d6d4552347069574b3845345165634b6639356452316a30584f2b41555031314a4e343532396d724d434c517839354e705874342b2b3470616d745664706e4a6c4b56416a787a57697461724342694e48742f2b70756933357769784c49345847664330515969506b505379395146223b636172745f636f6e74656e74737c613a333a7b733a31303a22636172745f746f74616c223b643a3439393939392e39393b733a31313a22746f74616c5f6974656d73223b643a313b733a33323a226138376666363739613266336537316439313831613637623735343231323263223b613a363a7b733a323a226964223b733a313a2234223b733a333a22717479223b643a313b733a353a227072696365223b643a3439393939392e39393b733a343a226e616d65223b733a33303a2259535320536d6f6f7468205061636b61676520466f722041445620313530223b733a353a22726f776964223b733a33323a226138376666363739613266336537316439313831613637623735343231323263223b733a383a22737562746f74616c223b643a3439393939392e39393b7d7d),
('e8hs57oj1u0ps7qlgv74gjdbh2d71f7k', '::1', 1718171562, 0x5f5f63695f6c6173745f726567656e65726174657c693a313731383137313536323b7265646972656374696f6e7c4e3b6c6f67696e5f666c6173687c733a31363a22426572686173696c206c6f676f757421223b5f5f63695f766172737c613a323a7b733a31313a226c6f67696e5f666c617368223b733a333a226f6c64223b733a31323a226f6c645f757365726e616d65223b733a333a226f6c64223b7d6f6c645f757365726e616d657c733a353a2273616e6469223b636172745f636f6e74656e74737c613a333a7b733a31303a22636172745f746f74616c223b643a3439393939392e39393b733a31313a22746f74616c5f6974656d73223b643a313b733a33323a226138376666363739613266336537316439313831613637623735343231323263223b613a363a7b733a323a226964223b733a313a2234223b733a333a22717479223b643a313b733a353a227072696365223b643a3439393939392e39393b733a343a226e616d65223b733a33303a2259535320536d6f6f7468205061636b61676520466f722041445620313530223b733a353a22726f776964223b733a33323a226138376666363739613266336537316439313831613637623735343231323263223b733a383a22737562746f74616c223b643a3439393939392e39393b7d7d),
('uok05uabnevk2arkpne6h8nqe52detan', '::1', 1718172384, 0x5f5f63695f6c6173745f726567656e65726174657c693a313731383137323338343b7265646972656374696f6e7c4e3b6c6f67696e5f666c6173687c733a31363a22426572686173696c206c6f676f757421223b5f5f63695f766172737c613a323a7b733a31313a226c6f67696e5f666c617368223b733a333a226f6c64223b733a31323a226f6c645f757365726e616d65223b733a333a226f6c64223b7d6f6c645f757365726e616d657c733a353a2273616e6469223b636172745f636f6e74656e74737c613a333a7b733a31303a22636172745f746f74616c223b643a3439393939392e39393b733a31313a22746f74616c5f6974656d73223b643a313b733a33323a226138376666363739613266336537316439313831613637623735343231323263223b613a363a7b733a323a226964223b733a313a2234223b733a333a22717479223b643a313b733a353a227072696365223b643a3439393939392e39393b733a343a226e616d65223b733a33303a2259535320536d6f6f7468205061636b61676520466f722041445620313530223b733a353a22726f776964223b733a33323a226138376666363739613266336537316439313831613637623735343231323263223b733a383a22737562746f74616c223b643a3439393939392e39393b7d7d),
('kgsbmf3n5ulninrl9qo7nefbrrfmc91f', '::1', 1718172734, 0x5f5f63695f6c6173745f726567656e65726174657c693a313731383137323733343b7265646972656374696f6e7c4e3b6c6f67696e5f666c6173687c733a31363a22426572686173696c206c6f676f757421223b5f5f63695f766172737c613a323a7b733a31313a226c6f67696e5f666c617368223b733a333a226f6c64223b733a31323a226f6c645f757365726e616d65223b733a333a226f6c64223b7d6f6c645f757365726e616d657c733a353a2273616e6469223b636172745f636f6e74656e74737c613a333a7b733a31303a22636172745f746f74616c223b643a3439393939392e39393b733a31313a22746f74616c5f6974656d73223b643a313b733a33323a226138376666363739613266336537316439313831613637623735343231323263223b613a363a7b733a323a226964223b733a313a2234223b733a333a22717479223b643a313b733a353a227072696365223b643a3439393939392e39393b733a343a226e616d65223b733a33303a2259535320536d6f6f7468205061636b61676520466f722041445620313530223b733a353a22726f776964223b733a33323a226138376666363739613266336537316439313831613637623735343231323263223b733a383a22737562746f74616c223b643a3439393939392e39393b7d7d5f5f4143544956455f53455353494f4e5f444154417c733a3235363a2232356234623034663933313234366162383139346231646533633139396535326165376264613932363037323662633661353662343733623962356231653938646462306139633135633134393236373762656234646632643962363865346333363061313165346464386465386132353437313730616634353237306534304974556e2f42576e6955432b4951654e7052444546544333534a363143376773304256336f595a7a65524552555968613557466d577941594a4577332f54774750793978384754447169674b6a31344a6d7377433741514f36354b69714650624141516b38496635754e7633424278726c52674e6d3078346d59574b336b3252223b),
('7pqd0dgknnj73u9tjimsk35h8sg6ib54', '::1', 1718173061, 0x5f5f63695f6c6173745f726567656e65726174657c693a313731383137333036313b7265646972656374696f6e7c4e3b6c6f67696e5f666c6173687c733a31363a22426572686173696c206c6f676f757421223b5f5f63695f766172737c613a323a7b733a31313a226c6f67696e5f666c617368223b733a333a226f6c64223b733a31323a226f6c645f757365726e616d65223b733a333a226f6c64223b7d6f6c645f757365726e616d657c733a353a2273616e6469223b636172745f636f6e74656e74737c613a333a7b733a31303a22636172745f746f74616c223b643a3439393939392e39393b733a31313a22746f74616c5f6974656d73223b643a313b733a33323a226138376666363739613266336537316439313831613637623735343231323263223b613a363a7b733a323a226964223b733a313a2234223b733a333a22717479223b643a313b733a353a227072696365223b643a3439393939392e39393b733a343a226e616d65223b733a33303a2259535320536d6f6f7468205061636b61676520466f722041445620313530223b733a353a22726f776964223b733a33323a226138376666363739613266336537316439313831613637623735343231323263223b733a383a22737562746f74616c223b643a3439393939392e39393b7d7d5f5f4143544956455f53455353494f4e5f444154417c733a3235363a2234386330376239613033313362333231626538343363626636363364643562653862653835353834323264336638623561323338663435316334386363333632393237633436336531346138373932613030363930376165376566343235336339376539363731666161376630616361666566616131333032326231366132386768486a5158565138774669614457586b46467959736970735a7744586f2f65524e304d2b7742425063324c586b455778497a6d73665a626743553550735377374a4c7470563244744131752f31316147386f7666434862782f3974414c46766b44704462312b314a6a422b656b30563576583651555a34424e6f4370706d6a223b),
('dp1aq0at1surbnohesijht286o07v5q8', '::1', 1718173644, 0x5f5f63695f6c6173745f726567656e65726174657c693a313731383137333634343b7265646972656374696f6e7c4e3b6c6f67696e5f666c6173687c733a31363a22426572686173696c206c6f676f757421223b5f5f63695f766172737c613a323a7b733a31313a226c6f67696e5f666c617368223b733a333a226f6c64223b733a31323a226f6c645f757365726e616d65223b733a333a226f6c64223b7d6f6c645f757365726e616d657c733a353a2273616e6469223b636172745f636f6e74656e74737c613a333a7b733a31303a22636172745f746f74616c223b643a3439393939392e39393b733a31313a22746f74616c5f6974656d73223b643a313b733a33323a226138376666363739613266336537316439313831613637623735343231323263223b613a363a7b733a323a226964223b733a313a2234223b733a333a22717479223b643a313b733a353a227072696365223b643a3439393939392e39393b733a343a226e616d65223b733a33303a2259535320536d6f6f7468205061636b61676520466f722041445620313530223b733a353a22726f776964223b733a33323a226138376666363739613266336537316439313831613637623735343231323263223b733a383a22737562746f74616c223b643a3439393939392e39393b7d7d5f5f4143544956455f53455353494f4e5f444154417c733a3235363a2234386330376239613033313362333231626538343363626636363364643562653862653835353834323264336638623561323338663435316334386363333632393237633436336531346138373932613030363930376165376566343235336339376539363731666161376630616361666566616131333032326231366132386768486a5158565138774669614457586b46467959736970735a7744586f2f65524e304d2b7742425063324c586b455778497a6d73665a626743553550735377374a4c7470563244744131752f31316147386f7666434862782f3974414c46766b44704462312b314a6a422b656b30563576583651555a34424e6f4370706d6a223b),
('u0kbdrtn9u2gpfafu3s22unt4ea3ja98', '::1', 1718173954, 0x5f5f63695f6c6173745f726567656e65726174657c693a313731383137333935343b7265646972656374696f6e7c4e3b6c6f67696e5f666c6173687c733a31363a22426572686173696c206c6f676f757421223b5f5f63695f766172737c613a323a7b733a31313a226c6f67696e5f666c617368223b733a333a226f6c64223b733a31323a226f6c645f757365726e616d65223b733a333a226f6c64223b7d6f6c645f757365726e616d657c733a353a2273616e6469223b636172745f636f6e74656e74737c613a333a7b733a31303a22636172745f746f74616c223b643a3439393939392e39393b733a31313a22746f74616c5f6974656d73223b643a313b733a33323a226138376666363739613266336537316439313831613637623735343231323263223b613a363a7b733a323a226964223b733a313a2234223b733a333a22717479223b643a313b733a353a227072696365223b643a3439393939392e39393b733a343a226e616d65223b733a33303a2259535320536d6f6f7468205061636b61676520466f722041445620313530223b733a353a22726f776964223b733a33323a226138376666363739613266336537316439313831613637623735343231323263223b733a383a22737562746f74616c223b643a3439393939392e39393b7d7d5f5f4143544956455f53455353494f4e5f444154417c733a3235363a2234386330376239613033313362333231626538343363626636363364643562653862653835353834323264336638623561323338663435316334386363333632393237633436336531346138373932613030363930376165376566343235336339376539363731666161376630616361666566616131333032326231366132386768486a5158565138774669614457586b46467959736970735a7744586f2f65524e304d2b7742425063324c586b455778497a6d73665a626743553550735377374a4c7470563244744131752f31316147386f7666434862782f3974414c46766b44704462312b314a6a422b656b30563576583651555a34424e6f4370706d6a223b),
('iac3jq6635grlt0pjqttgc0b9a6s49r8', '::1', 1718174206, 0x5f5f63695f6c6173745f726567656e65726174657c693a313731383137333935343b7265646972656374696f6e7c4e3b6c6f67696e5f666c6173687c733a31363a22426572686173696c206c6f676f757421223b5f5f63695f766172737c613a323a7b733a31313a226c6f67696e5f666c617368223b733a333a226f6c64223b733a31323a226f6c645f757365726e616d65223b733a333a226f6c64223b7d6f6c645f757365726e616d657c733a353a2273616e6469223b636172745f636f6e74656e74737c613a333a7b733a31303a22636172745f746f74616c223b643a3439393939392e39393b733a31313a22746f74616c5f6974656d73223b643a313b733a33323a226138376666363739613266336537316439313831613637623735343231323263223b613a363a7b733a323a226964223b733a313a2234223b733a333a22717479223b643a313b733a353a227072696365223b643a3439393939392e39393b733a343a226e616d65223b733a33303a2259535320536d6f6f7468205061636b61676520466f722041445620313530223b733a353a22726f776964223b733a33323a226138376666363739613266336537316439313831613637623735343231323263223b733a383a22737562746f74616c223b643a3439393939392e39393b7d7d5f5f4143544956455f53455353494f4e5f444154417c733a3235363a2234386330376239613033313362333231626538343363626636363364643562653862653835353834323264336638623561323338663435316334386363333632393237633436336531346138373932613030363930376165376566343235336339376539363731666161376630616361666566616131333032326231366132386768486a5158565138774669614457586b46467959736970735a7744586f2f65524e304d2b7742425063324c586b455778497a6d73665a626743553550735377374a4c7470563244744131752f31316147386f7666434862782f3974414c46766b44704462312b314a6a422b656b30563576583651555a34424e6f4370706d6a223b),
('im2nd5uj225uvuh8ve0raf2eh2016v20', '::1', 1718663673, 0x5f5f63695f6c6173745f726567656e65726174657c693a313731383636333637333b7265646972656374696f6e7c4e3b5f5f4143544956455f53455353494f4e5f444154417c733a3235363a223537363564306531663139323366376236303630653738363732626431646363653365363439333861363237343766653737356132646535353231623032313831623761313232663961363736666534323765353165363766383665356435373661653066356166633234386365303666363637626534653831323161326239596f64694d31776b4d4437506577373541795870424f36452f393467474973617148537455746c474e4d33667768546d685241646842346e574e6e76556f5a4d42427468756f46444c3447676a346572745176754b336f555755384163543365766c4e774a4a5658534276556a703132337a4235634b635a6d7555302f6c6b64223b7265766965775f666c6173687c733a32333a2252657669657720626572686173696c2064696861707573223b5f5f63695f766172737c613a313a7b733a31323a227265766965775f666c617368223b733a333a226f6c64223b7d),
('0djtf2lmfcngqr5e6896ulqmg65ci3s7', '::1', 1718663683, 0x5f5f63695f6c6173745f726567656e65726174657c693a313731383636333637333b7265646972656374696f6e7c4e3b5f5f4143544956455f53455353494f4e5f444154417c733a3235363a2265363764343364386439306339343963386430393065366539396132646531393233653862353131623635393938346338326437313265646365363237623362376435333232656435636530333330656462363034386537316361316535623565363239653035646163653165643130346332363731306433396633643631372b5278706b534c696b70634954716248386c54734f2b57522f486a714f6759624152624b466b5775387463374364436b307656547847544c78363833466732346d42644f3170475156485648685a4b5374775575706c6f577246734335676f4e77366b6b656f4e6f496a72592f4858526b596a533067712b6378715145666849223b7265766965775f666c6173687c733a32333a2252657669657720626572686173696c2064696861707573223b5f5f63695f766172737c613a313a7b733a31323a227265766965775f666c617368223b733a333a226f6c64223b7d),
('m8bgemie1inojkrc2fjd3vduru02bigb', '::1', 1718872529, 0x5f5f63695f6c6173745f726567656e65726174657c693a313731383837323532393b73746f72655f666c6173687c733a32363a2250656e646166746172616e20616b756e20626572686173696c21223b5f5f63695f766172737c613a323a7b733a31313a2273746f72655f666c617368223b733a333a226f6c64223b733a31313a226c6f67696e5f666c617368223b733a333a226f6c64223b7d6c6f67696e5f666c6173687c733a31363a22426572686173696c206c6f676f757421223b7265646972656374696f6e7c4e3b5f5f4143544956455f53455353494f4e5f444154417c733a3235363a226239323437356164363163613661343462653739323565643038336163666134663634653033356366613737623234393162663035373830623232643833626434386166396662363162656362303066303966343630346361663837666566383463363066656263613032623763353066643964646564613332343761633563614d64497a335976675a744a34792b4d654b30346a6e4239636a524338414f6a4d697872636d2f725a2f6174557558337854354b7a4141436d7178536a684535502f3535596c702b464f6c39562f7641563153756f4f3937754354656b4e4a4c55473738444e706b54627a634678722f5765563851766d35704f536261384736223b),
('6c34fe877qao20pelaisslt6hu5r27ac', '::1', 1718872836, 0x5f5f63695f6c6173745f726567656e65726174657c693a313731383837323833363b73746f72655f666c6173687c733a32363a2250656e646166746172616e20616b756e20626572686173696c21223b5f5f63695f766172737c613a323a7b733a31313a2273746f72655f666c617368223b733a333a226f6c64223b733a31313a226c6f67696e5f666c617368223b733a333a226f6c64223b7d6c6f67696e5f666c6173687c733a31363a22426572686173696c206c6f676f757421223b7265646972656374696f6e7c4e3b636172745f636f6e74656e74737c613a333a7b733a31303a22636172745f746f74616c223b643a3439393939392e39393b733a31313a22746f74616c5f6974656d73223b643a313b733a33323a226138376666363739613266336537316439313831613637623735343231323263223b613a363a7b733a323a226964223b733a313a2234223b733a333a22717479223b643a313b733a353a227072696365223b643a3439393939392e39393b733a343a226e616d65223b733a33303a2259535320536d6f6f7468205061636b61676520466f722041445620313530223b733a353a22726f776964223b733a33323a226138376666363739613266336537316439313831613637623735343231323263223b733a383a22737562746f74616c223b643a3439393939392e39393b7d7d),
('6ndnqf97oojgcckmdd0p4as87h8lr0h5', '::1', 1718873140, 0x5f5f63695f6c6173745f726567656e65726174657c693a313731383837333134303b73746f72655f666c6173687c733a32363a2250656e646166746172616e20616b756e20626572686173696c21223b5f5f63695f766172737c613a323a7b733a31313a2273746f72655f666c617368223b733a333a226f6c64223b733a31313a226c6f67696e5f666c617368223b733a333a226f6c64223b7d6c6f67696e5f666c6173687c733a31363a22426572686173696c206c6f676f757421223b7265646972656374696f6e7c4e3b6f726465725f7175616e746974797c613a313a7b693a343b613a323a7b733a333a22717479223b643a313b733a353a227072696365223b643a3439393939392e39393b7d7d746f74616c5f70726963657c643a3439393939392e39393b),
('prv2tr54p3v52qermvnbat9uj476dbho', '::1', 1718873451, 0x5f5f63695f6c6173745f726567656e65726174657c693a313731383837333435313b73746f72655f666c6173687c733a32363a2250656e646166746172616e20616b756e20626572686173696c21223b5f5f63695f766172737c613a323a7b733a31313a2273746f72655f666c617368223b733a333a226f6c64223b733a31313a226c6f67696e5f666c617368223b733a333a226f6c64223b7d6c6f67696e5f666c6173687c733a31363a22426572686173696c206c6f676f757421223b7265646972656374696f6e7c4e3b6f726465725f7175616e746974797c613a313a7b693a343b613a323a7b733a333a22717479223b643a313b733a353a227072696365223b643a3439393939392e39393b7d7d746f74616c5f70726963657c643a3439393939392e39393b5f5f4143544956455f53455353494f4e5f444154417c733a3235363a223162663231643161646262653662346431356364353163666337363463343539303532333932623533626536353430623333363632316630646461306630346165333634333935383433616635333431313932316139646234666635386531663332303432316630303564333831393361633338323964383535633635313836487a6a5a5a775858733057704f6c547175527453746f612b2b7a7656384e4c6a72413052646b6b4d6c64466d752b4b594944622b486d6e5a34755774326e4f5357384a6c5236655656366e737745304b336952593679645864343350456a76494a4a2b724a523345367377474f70646b4f375a462f6372764147754370706272223b636172745f636f6e74656e74737c613a333a7b733a31303a22636172745f746f74616c223b643a3439393939392e39393b733a31313a22746f74616c5f6974656d73223b643a313b733a33323a226138376666363739613266336537316439313831613637623735343231323263223b613a363a7b733a323a226964223b733a313a2234223b733a333a22717479223b643a313b733a353a227072696365223b643a3439393939392e39393b733a343a226e616d65223b733a33303a2259535320536d6f6f7468205061636b61676520466f722041445620313530223b733a353a22726f776964223b733a33323a226138376666363739613266336537316439313831613637623735343231323263223b733a383a22737562746f74616c223b643a3439393939392e39393b7d7d),
('gi6g3nm1cl3vlnjqmo9cssblkb0ktfor', '::1', 1718873759, 0x5f5f63695f6c6173745f726567656e65726174657c693a313731383837333735393b73746f72655f666c6173687c733a32363a2250656e646166746172616e20616b756e20626572686173696c21223b5f5f63695f766172737c613a333a7b733a31313a2273746f72655f666c617368223b733a333a226f6c64223b733a31313a226c6f67696e5f666c617368223b733a333a226f6c64223b733a31313a226f726465725f666c617368223b733a333a226f6c64223b7d6c6f67696e5f666c6173687c733a31363a22426572686173696c206c6f676f757421223b7265646972656374696f6e7c4e3b6f726465725f666c6173687c733a32363a224f7264657220626572686173696c20646974616d6261686b616e223b5f5f4143544956455f53455353494f4e5f444154417c733a3235363a226634353065336332373431623935366433323932666535613237633336366661336334643466333930356536356362386638666439346332343534346433663732303734376130643264313165333531303562323362633061363262633237643065363338656432386333356339376338313465323564646530343136303735534f466243747866696368427352475937317779583249412b664e794b47396e584e686c786c36716234574e394f4733377371454c474b694b574678724b2b644e354267697258573644796c64753164327442624f3150536c444a317571317065645565414345623044484e50424a713058555958566a5a4854625356503439223b),
('gcivaiemmhtgc3udph0elce8q5n12l96', '::1', 1718874064, 0x5f5f63695f6c6173745f726567656e65726174657c693a313731383837343036343b73746f72655f666c6173687c733a32363a2250656e646166746172616e20616b756e20626572686173696c21223b5f5f63695f766172737c613a343a7b733a31313a2273746f72655f666c617368223b733a333a226f6c64223b733a31313a226c6f67696e5f666c617368223b733a333a226f6c64223b733a31313a226f726465725f666c617368223b733a333a226f6c64223b733a31343a2273657474696e67735f666c617368223b733a333a226f6c64223b7d6c6f67696e5f666c6173687c733a31363a22426572686173696c206c6f676f757421223b7265646972656374696f6e7c4e3b6f726465725f666c6173687c733a32363a224f7264657220626572686173696c20646974616d6261686b616e223b73657474696e67735f666c6173687c733a32363a2250726f66696c20626572686173696c2064697065726261727569223b5f5f4143544956455f53455353494f4e5f444154417c733a3235363a2231303535346534336263383966646430613631633865316138313732396135373731336230393464666465373564633632613565656264656136373438663164323736363930616461366365633635643337326364613337326466623132616631366339383237666261393639396366356134356338623030623135316530375459305565624859743530376478633669376776686f6b77316f44383148366c562b4668492b6d4a6f737a754f34576f516b4a4c554d2f4c62513061462f386b574c5273356d39447759497637322f31384962682f6c574c697a3970786b526d5876344e434e2f36346b3875495a7159395839376b44564a64464e3545444f50223b),
('u51oogvueqlj3e0qs3b3nl45tag3r66b', '::1', 1718874094, 0x5f5f63695f6c6173745f726567656e65726174657c693a313731383837343036343b73746f72655f666c6173687c733a32363a2250656e646166746172616e20616b756e20626572686173696c21223b5f5f63695f766172737c613a343a7b733a31313a2273746f72655f666c617368223b733a333a226f6c64223b733a31313a226c6f67696e5f666c617368223b733a333a226f6c64223b733a31313a226f726465725f666c617368223b733a333a226f6c64223b733a31343a2273657474696e67735f666c617368223b733a333a226f6c64223b7d6c6f67696e5f666c6173687c733a31363a22426572686173696c206c6f676f757421223b7265646972656374696f6e7c4e3b6f726465725f666c6173687c733a32363a2253746174757320626572686173696c2064697065726261727569223b73657474696e67735f666c6173687c733a32363a2250726f66696c20626572686173696c2064697065726261727569223b5f5f4143544956455f53455353494f4e5f444154417c733a3235363a226534326437373638613435336335363338666662333132626630343939313138663262663863613336663234613766383537373138643764643639353930386664623161343930326132623039396162333033333965356235636638346361306361323038623364626539666536363163633465633233393039313766323136656149386e46646e4b4978487533702b2b7335796a506f4e616e794d787167374c55547851375156752b776d2b6b68413256307132647633782f6d466b332b5a72696a326b2b5571746c36554a497a5a6f6b686b7a4757383065527064553135524b365856505030724c6676795356625652454634774c515a6d6f5968416e4a223b);

-- --------------------------------------------------------

--
-- Struktur dari tabel `contacts`
--

CREATE TABLE `contacts` (
  `id` int(10) NOT NULL,
  `parent_id` int(10) DEFAULT NULL,
  `name` varchar(32) NOT NULL,
  `subject` varchar(128) DEFAULT NULL,
  `email` varchar(64) NOT NULL,
  `message` mediumtext NOT NULL,
  `contact_date` datetime DEFAULT NULL,
  `status` tinyint(1) DEFAULT 1,
  `reply_at` datetime DEFAULT NULL
) ENGINE=InnoDB DEFAULT CHARSET=utf8mb4 COLLATE=utf8mb4_general_ci;

--
-- Dumping data untuk tabel `contacts`
--

INSERT INTO `contacts` (`id`, `parent_id`, `name`, `subject`, `email`, `message`, `contact_date`, `status`, `reply_at`) VALUES
(1, NULL, 'Agung Tri Saputra', 'Pengiriman kok lama?', 'martinms.za@gmail.com', 'pengiriman pesanan saya kok lama ya', '2020-03-29 07:40:13', 2, NULL);

-- --------------------------------------------------------

--
-- Struktur dari tabel `coupons`
--

CREATE TABLE `coupons` (
  `id` bigint(20) NOT NULL,
  `name` varchar(191) NOT NULL,
  `code` varchar(32) NOT NULL,
  `credit` decimal(8,2) NOT NULL,
  `start_date` date NOT NULL,
  `expired_date` date NOT NULL,
  `is_active` tinyint(4) DEFAULT 1
) ENGINE=InnoDB DEFAULT CHARSET=utf8mb4 COLLATE=utf8mb4_general_ci;

--
-- Dumping data untuk tabel `coupons`
--

INSERT INTO `coupons` (`id`, `name`, `code`, `credit`, `start_date`, `expired_date`, `is_active`) VALUES
(1, '#DiRumahAja', 'DIRUMAHAJA19', 5000.00, '2020-03-27', '2020-04-03', 1),
(4, '#HidupSehat', 'HIDUPSEHAT', 5000.00, '2024-01-24', '2024-01-31', 1);

-- --------------------------------------------------------

--
-- Struktur dari tabel `customers`
--

CREATE TABLE `customers` (
  `id` bigint(20) NOT NULL,
  `user_id` bigint(20) UNSIGNED DEFAULT NULL,
  `name` varchar(191) NOT NULL,
  `phone_number` varchar(32) DEFAULT NULL,
  `address` varchar(191) NOT NULL,
  `profile_picture` varchar(191) DEFAULT NULL
) ENGINE=InnoDB DEFAULT CHARSET=utf8mb4 COLLATE=utf8mb4_general_ci;

--
-- Dumping data untuk tabel `customers`
--

INSERT INTO `customers` (`id`, `user_id`, `name`, `phone_number`, `address`, `profile_picture`) VALUES
(8, 10, 'Pembeli2', '087741160520', 'Jln. Merdeka Barat- Jakarta Indonesia', NULL),
(9, 11, 'Pembeli4', '0870000000', 'Jln.Merdeka Barat - Jakarta', NULL),
(10, 12, 'sandi rosandi 20221310043 A2', '08997179915', 'tugu', 'pala1.png'),
(11, 14, 'sandi rosandi 20221310043 A2', '+628997179915', 'tugu', NULL),
(13, 16, 'rara sari', '08932883223', 'jl. sapi no 2', NULL),
(14, 19, 'sandi rosandi', '628997179915', 'kp tugu laksana', '17.jpg'),
(15, 22, 'thomas aldi fiqri', '081312944270', 'Jln.ciparay, GG. Pasantren', NULL),
(16, 28, 'Sandi Rosandi', '6289971799152', 'Kp. Tugulaksana', NULL);

-- --------------------------------------------------------

--
-- Struktur dari tabel `orders`
--

CREATE TABLE `orders` (
  `id` bigint(20) NOT NULL,
  `user_id` bigint(20) UNSIGNED DEFAULT NULL,
  `coupon_id` bigint(20) DEFAULT NULL,
  `order_number` varchar(16) NOT NULL,
  `order_status` enum('1','2','3','4','5') DEFAULT '1',
  `order_date` datetime NOT NULL,
  `total_price` decimal(8,2) DEFAULT NULL,
  `total_items` int(10) DEFAULT NULL,
  `payment_method` int(11) DEFAULT 1,
  `delivery_data` text DEFAULT NULL,
  `delivered_date` datetime DEFAULT NULL,
  `finish_date` datetime DEFAULT NULL
) ENGINE=InnoDB DEFAULT CHARSET=utf8mb4 COLLATE=utf8mb4_general_ci;

--
-- Dumping data untuk tabel `orders`
--

INSERT INTO `orders` (`id`, `user_id`, `coupon_id`, `order_number`, `order_status`, `order_date`, `total_price`, `total_items`, `payment_method`, `delivery_data`, `delivered_date`, `finish_date`) VALUES
(13, 10, NULL, 'PNL261020110401', '2', '2020-10-26 07:16:25', 30000.00, 1, 1, '{\"customer\":{\"name\":\"Pembeli2\",\"phone_number\":\"087741160520\",\"address\":\"Jln. Merdeka Barat- Jakarta Indonesia\"},\"note\":\"Segera Dikrim Ya Admin\"}', NULL, NULL),
(14, 11, NULL, 'ASV261020111546', '3', '2020-10-26 08:37:53', 60000.00, 1, 1, '{\"customer\":{\"name\":\"Pembeli4\",\"phone_number\":\"0870000000\",\"address\":\"Jln.Merdeka Barat - Jakarta\"},\"note\":\"Tolong Dikirim Sesuai Pesanan ya Ka..\"}', NULL, NULL),
(15, 12, NULL, 'WJY12124112968', '1', '2024-01-12 03:09:00', 26000.00, 1, 2, '{\"customer\":{\"name\":\"sandi rosandi 20221310043 A2\",\"phone_number\":\"08997179915\",\"address\":\"tugu\"},\"note\":\"\"}', NULL, NULL),
(16, 12, NULL, 'JFV12124112614', '1', '2024-01-12 03:11:23', 25000.00, 1, 1, '{\"customer\":{\"name\":\"sandi rosandi 20221310043 A2\",\"phone_number\":\"08997179915\",\"address\":\"tugu\"},\"note\":\"\"}', NULL, NULL),
(17, 12, NULL, 'ITC15124312709', '2', '2024-01-15 07:39:22', 58000.00, 3, 1, '{\"customer\":{\"name\":\"sandi rosandi 20221310043 A2\",\"phone_number\":\"08997179915\",\"address\":\"tugu\"},\"note\":\"121\"}', NULL, NULL),
(19, 16, NULL, 'PKD24124316639', '2', '2024-01-24 01:48:53', 58000.00, 3, 1, '{\"customer\":{\"name\":\"rara sari\",\"phone_number\":\"08932883223\",\"address\":\"jl. sapi no 2\"},\"note\":\"\"}', NULL, NULL),
(20, 19, NULL, 'YHW3624119329', '3', '2024-06-03 09:36:12', 20000.00, 1, 1, '{\"customer\":{\"name\":\"sandi rosandi\",\"phone_number\":\"628997179915\",\"address\":\"kp tugu laksana\"},\"note\":\"\"}', NULL, NULL),
(21, 19, NULL, 'NTA3624119386', '2', '2024-06-03 10:14:17', 18000.00, 1, 1, '{\"customer\":{\"name\":\"sandi rosandi\",\"phone_number\":\"628997179915\",\"address\":\"kp tugu laksana\"},\"note\":\"\"}', NULL, NULL),
(22, 19, NULL, 'SQP3624119392', '3', '2024-06-03 10:16:11', 18000.00, 1, 2, '{\"customer\":{\"name\":\"sandi rosandi\",\"phone_number\":\"628997179915\",\"address\":\"kp tugu laksana\"},\"note\":\"\"}', NULL, NULL),
(23, 19, NULL, 'EKQ8624119240', '5', '2024-06-08 10:21:44', 20000.00, 1, 1, '{\"customer\":{\"name\":\"sandi rosandi\",\"phone_number\":\"628997179915\",\"address\":\"kp tugu laksana\"},\"note\":\"\"}', NULL, NULL),
(24, 19, NULL, 'QWJ20624119241', '2', '2024-06-20 10:51:16', 499999.99, 1, 2, '{\"customer\":{\"name\":\"sandi rosandi\",\"phone_number\":\"628997179915\",\"address\":\"kp tugu laksana\"},\"note\":\"\"}', NULL, NULL);

-- --------------------------------------------------------

--
-- Struktur dari tabel `order_item`
--

CREATE TABLE `order_item` (
  `id` bigint(20) NOT NULL,
  `order_id` bigint(20) DEFAULT NULL,
  `product_id` bigint(20) DEFAULT NULL,
  `order_qty` int(10) NOT NULL,
  `order_price` decimal(8,2) DEFAULT NULL
) ENGINE=InnoDB DEFAULT CHARSET=utf8mb4 COLLATE=utf8mb4_general_ci;

--
-- Dumping data untuk tabel `order_item`
--

INSERT INTO `order_item` (`id`, `order_id`, `product_id`, `order_qty`, `order_price`) VALUES
(3, 4, 2, 1, 31000.00),
(4, 4, 8, 13, 20000.00),
(5, 5, 2, 1, 31000.00),
(6, 5, 13, 12, 20000.00),
(7, 6, 9, 10, 35000.00),
(8, 7, 10, 1, 12000.00),
(9, 7, 9, 1, 35000.00),
(10, 7, 2, 1, 31000.00),
(11, 8, 9, 1, 35000.00),
(12, 8, 1, 5, 65000.00),
(14, 12, 2, 1, 13000.00),
(15, 13, 5, 3, 10000.00),
(16, 14, 1, 3, 20000.00),
(17, 15, 2, 2, 13000.00),
(18, 16, 4, 1, 25000.00),
(19, 17, 4, 1, 25000.00),
(20, 17, 2, 1, 13000.00),
(21, 17, 1, 1, 20000.00),
(22, 18, 1, 1, 20000.00),
(23, 18, 2, 1, 13000.00),
(24, 18, 4, 1, 25000.00),
(25, 19, 1, 1, 20000.00),
(26, 19, 2, 1, 13000.00),
(27, 19, 4, 1, 25000.00),
(28, 20, 1, 1, 20000.00),
(29, 21, 2, 1, 13000.00),
(30, 22, 2, 1, 13000.00),
(31, 23, 1, 1, 20000.00),
(32, 24, 4, 1, 499999.99);

-- --------------------------------------------------------

--
-- Struktur dari tabel `payments`
--

CREATE TABLE `payments` (
  `id` bigint(20) NOT NULL,
  `order_id` bigint(20) DEFAULT NULL,
  `payment_price` decimal(8,2) DEFAULT NULL,
  `payment_date` datetime NOT NULL,
  `picture_name` varchar(191) DEFAULT NULL,
  `payment_status` enum('1','2','3') DEFAULT '1',
  `confirmed_date` datetime DEFAULT NULL,
  `payment_data` text DEFAULT NULL
) ENGINE=InnoDB DEFAULT CHARSET=utf8mb4 COLLATE=utf8mb4_general_ci;

--
-- Dumping data untuk tabel `payments`
--

INSERT INTO `payments` (`id`, `order_id`, `payment_price`, `payment_date`, `picture_name`, `payment_status`, `confirmed_date`, `payment_data`) VALUES
(6, 12, 40000.00, '2020-10-26 07:13:04', 'Tak_berjudul31_20201026111339.jpg', '3', NULL, '{\"transfer_to\":\"mandiri\",\"source\":{\"bank\":\"Mandiri\",\"name\":\"Pembeli1\",\"number\":\"0987654321\"}}'),
(7, 13, 30000.00, '2020-10-26 07:16:59', 'Tak_berjudul31_20201026111236.jpg', '2', NULL, '{\"transfer_to\":\"bca\",\"source\":{\"bank\":\"BCA\",\"name\":\"Pembeli2\",\"number\":\"1122334455\"}}'),
(8, 14, 60000.00, '2020-10-26 08:38:26', 'Bukti_Transfer.jpg', '2', NULL, '{\"transfer_to\":\"mandiri\",\"source\":{\"bank\":\"Mandiri\",\"name\":\"Pembeli4\",\"number\":\"123456789\"}}'),
(9, 17, 21.00, '2024-01-15 07:41:29', '1643012563all-new-xenia-exterior-tampak-perspektif-depan---varian-1_5r-ads.jpg', '2', NULL, '{\"transfer_to\":\"mandiri\",\"source\":{\"bank\":\"wd\",\"name\":\"ddw\",\"number\":\"aq\"}}'),
(10, 19, 58.00, '2024-01-24 01:50:15', 'hesder-04.png', NULL, NULL, '{\"transfer_to\":\"mandiri\",\"source\":{\"bank\":\"BNI\",\"name\":\"rara sari\",\"number\":\"112233\"}}'),
(11, 21, 58.00, '2024-06-03 10:16:39', 'turah_1.png', '2', NULL, '{\"transfer_to\":\"mandiri\",\"source\":{\"bank\":\"BNI\",\"name\":\"Sandi Rosandi\",\"number\":\"112233\"}}');

-- --------------------------------------------------------

--
-- Struktur dari tabel `products`
--

CREATE TABLE `products` (
  `id` bigint(20) NOT NULL,
  `category_id` int(10) DEFAULT NULL,
  `sku` varchar(32) DEFAULT NULL,
  `name` varchar(191) NOT NULL,
  `description` varchar(191) DEFAULT NULL,
  `picture_name` varchar(191) DEFAULT NULL,
  `price` decimal(8,2) NOT NULL,
  `current_discount` decimal(8,2) DEFAULT 0.00,
  `stock` int(10) NOT NULL,
  `product_unit` varchar(32) DEFAULT NULL,
  `is_available` tinyint(1) DEFAULT 1,
  `add_date` datetime DEFAULT NULL
) ENGINE=InnoDB DEFAULT CHARSET=utf8mb4 COLLATE=utf8mb4_general_ci;

--
-- Dumping data untuk tabel `products`
--

INSERT INTO `products` (`id`, `category_id`, `sku`, `name`, `description`, `picture_name`, `price`, `current_discount`, `stock`, `product_unit`, `is_available`, `add_date`) VALUES
(1, 10, 'SB750372', 'TDR Racing Brake Shoe For Mio / Jupiter MX / RXK', 'bagus', 'brake_shoe_mio-1080x1080.jpg', 205000.00, 5000.00, 10, 'PCS', 1, '2020-03-26 15:02:52'),
(2, 2, 'BS350420', 'TDR Racing Brake Shoe For Supra / Karisma / Revo / Blade', NULL, 'brake_shoe_honda-1080x1080.jpg', 200000.00, 5000.00, 10, 'PCS', 1, '2020-03-26 15:03:40'),
(4, 2, 'TS120790', 'YSS Smooth Package For ADV 150', NULL, 'YSS-HANDLING-ADV-150-1080x1080.jpg', 999999.99, 500000.00, 5, 'PCS', 1, '2020-03-26 19:36:30'),
(5, 2, 'WS120811', 'DR Roller CVT Set for Suzuki Nex / Address', NULL, 'TDR_ROLLER_SUZUKI_NEX-1080x1080.jpg', 200000.00, 5000.00, 15, 'PCS', 1, '2020-03-26 19:36:51'),
(8, 2, 'PS220885', 'TDR Cylinder Block Kit ADV / All New PCX / Vario 150 (62MM) (Injector + Spark Plug)', NULL, 'TDR_Cylinder_Block_Kit_ADV.jpg', 999999.99, 100000.00, 25, 'PCS', 1, '2020-03-26 19:38:05'),
(9, 2, 'AB450163', 'TDR Engine Cover Set (Upper & Lower) Mio Soul', NULL, 'ENGINE_COVER_MIO_SOUL_WHITE-1080x1080.jpg', 300000.00, 50000.00, 5, 'PCS', 1, '2020-03-26 19:42:43'),
(15, 2, 'AHB210487', 'Koso CVT Case For All New N-Max / All New Aerox (NVX)', NULL, 'cvt-case-1-1080x1080.jpg', 999999.99, 50000.00, 7, 'PCS', 1, '2024-01-15 07:51:27'),
(16, 2, 'BHBB22635', 'COMET Alloy Rim W / WL Shape 1.40X17 2 Tone Silver', NULL, 'comet-2-tone-gold-silver-1080x1080.jpg', 500000.00, 100000.00, 0, 'PCS', 1, '2024-01-24 01:53:55'),
(17, 10, 'YMSDMFMK1KK54071', 'YSS Mono Shock DTG MB302-210P for MX King 150', NULL, 'MD302-210P-MX-King-150-1080x1080.jpg', 500000.00, 0.00, 4, 'PCS', 1, '2024-06-11 08:57:51');

-- --------------------------------------------------------

--
-- Struktur dari tabel `product_category`
--

CREATE TABLE `product_category` (
  `id` int(10) NOT NULL,
  `name` varchar(191) NOT NULL
) ENGINE=InnoDB DEFAULT CHARSET=utf8mb4 COLLATE=utf8mb4_general_ci;

--
-- Dumping data untuk tabel `product_category`
--

INSERT INTO `product_category` (`id`, `name`) VALUES
(2, 'Ban Motor'),
(10, 'Kampas Kopling');

-- --------------------------------------------------------

--
-- Struktur dari tabel `reviews`
--

CREATE TABLE `reviews` (
  `id` bigint(20) NOT NULL,
  `user_id` bigint(20) UNSIGNED DEFAULT NULL,
  `order_id` bigint(20) DEFAULT NULL,
  `title` varchar(191) DEFAULT NULL,
  `review_text` mediumtext NOT NULL,
  `review_date` datetime NOT NULL,
  `status` tinyint(1) NOT NULL DEFAULT 1
) ENGINE=InnoDB DEFAULT CHARSET=utf8mb4 COLLATE=utf8mb4_general_ci;

--
-- Dumping data untuk tabel `reviews`
--

INSERT INTO `reviews` (`id`, `user_id`, `order_id`, `title`, `review_text`, `review_date`, `status`) VALUES
(2, 7, 6, 'Sangat puas', 'Pengiriman cepat dan sayur segar', '2020-03-30 08:31:31', 1),
(3, 7, 5, 'Buah segar', 'Buah segar dan kualitasnya sangat bagus', '2020-03-30 08:33:10', 1),
(7, 12, 16, 'Apresiasi', 'GOOD', '2024-01-13 14:14:56', 1);

-- --------------------------------------------------------

--
-- Struktur dari tabel `roles`
--

CREATE TABLE `roles` (
  `id` int(10) NOT NULL,
  `role_name` varchar(191) NOT NULL
) ENGINE=InnoDB DEFAULT CHARSET=utf8mb4 COLLATE=utf8mb4_general_ci;

--
-- Dumping data untuk tabel `roles`
--

INSERT INTO `roles` (`id`, `role_name`) VALUES
(1, 'Admin'),
(2, 'Customer');

-- --------------------------------------------------------

--
-- Struktur dari tabel `settings`
--

CREATE TABLE `settings` (
  `id` int(10) NOT NULL,
  `key` varchar(32) NOT NULL,
  `content` varchar(191) NOT NULL
) ENGINE=InnoDB DEFAULT CHARSET=utf8mb4 COLLATE=utf8mb4_general_ci;

--
-- Dumping data untuk tabel `settings`
--

INSERT INTO `settings` (`id`, `key`, `content`) VALUES
(1, 'current_theme_name', 'vegefoods'),
(2, 'store_name', 'BandungMotoParts'),
(3, 'store_phone_number', '08997179915'),
(4, 'store_email', '     BandungMotoParts@gmail.com'),
(5, 'store_tagline', 'Belanja SpareParts Original hanya disini'),
(6, 'store_logo', 'logomotor.png'),
(7, 'max_product_image_size', '20000'),
(8, 'store_description', 'Belanja Sparepart motor dengan murah dan awet'),
(9, 'store_address', 'Kp. Tugu Laksana - Lembang, Indonesia'),
(10, 'min_shop_to_free_shipping_cost', '20000'),
(11, 'shipping_cost', '5000'),
(12, 'payment_banks', '{\"mandiri\":{\"bank\":\"BNI\",\"number\":\"1234567890\",\"name\":\"Bandung Moto Parts\"},\"bca\":{\"bank\":\"BCA\",\"number\":\"0987654321\",\"name\":\"Bandung Moto Parts\"}}');

-- --------------------------------------------------------

--
-- Struktur dari tabel `users`
--

CREATE TABLE `users` (
  `id` bigint(20) UNSIGNED NOT NULL,
  `name` varchar(50) DEFAULT NULL,
  `email` varchar(191) NOT NULL,
  `email_verified_at` timestamp NULL DEFAULT NULL,
  `username` varchar(16) NOT NULL,
  `password` varchar(191) NOT NULL,
  `profile_picture` varchar(128) DEFAULT NULL,
  `role_id` int(10) DEFAULT 0,
  `register_date` datetime DEFAULT NULL
) ENGINE=InnoDB DEFAULT CHARSET=utf8mb4 COLLATE=utf8mb4_unicode_ci;

--
-- Dumping data untuk tabel `users`
--

INSERT INTO `users` (`id`, `name`, `email`, `email_verified_at`, `username`, `password`, `profile_picture`, `role_id`, `register_date`) VALUES
(7, 'Admin ', 'adminbandungmotoparts@gmail.com', NULL, 'admin', '$2y$10$9a7b78YWmpUO1yS3Q2CeMOuWvemjp4Q13q52ykg5alI/f9NrICqB.', '0919f092a8487492631bc84b592a4b0a_icon-wajah1.png', 1, '2020-03-29 08:14:30'),
(10, NULL, 'pembeli2@gmail.com', NULL, 'user2', '$2y$10$BxWbJrsGG.grhKvrNQ6XvOU5lTPARmLOo58Rwuws1kFlze3r4YR1.', NULL, 2, '2020-10-26 07:15:59'),
(11, NULL, 'pembeli4@gmail.com', NULL, 'user4', '$2y$10$P25c7AP7HzotHYvRCvi8XukFH/wKW/IR0uBbOM9pPBKAif8WrR.Iu', NULL, 2, '2020-10-26 08:37:06'),
(12, 'admin', 'sandirsndi@gmail.com', NULL, 'sans.rs', '0192023a7bbd73250516f069df18b500', NULL, 1, '2024-01-12 03:01:28'),
(14, NULL, 'etgma1l.com@gmail.com', NULL, 'admin2', 'fcea920f7412b5da7be0cf42b8c93759', NULL, 1, '2024-01-24 01:13:15'),
(16, NULL, 'rara@gmail.com', NULL, 'rara', '$2y$10$RVTBoCHM2YdjbHaNZQ1Z6.oog1MrPQ8X19XOr5ZcRbn1qiqH8n1ry', NULL, 2, '2024-01-24 01:47:04'),
(19, NULL, 'sandilaga07@gmail.com', NULL, 'sandi', '$2y$10$BJOwj1i7hjWz5SQYE4daSuGBq4GCxQ0Tow2Q.zo0d3qg9.NJ4P9My', NULL, 2, '2024-06-03 09:35:42'),
(20, 'admin', '', NULL, 'admin3', 'sans123', NULL, 1, '2024-06-03 14:49:12'),
(22, NULL, 'aldiudin40@gmail.com', NULL, 'thomas27', '$2y$10$Xez9WumUu/EDfh/YzK9CwuSgEObTKFQhoBPYLORBvkl.q.0xzhgJ6', NULL, 2, '2024-06-20 10:33:09'),
(28, NULL, 'san@gmail.com', NULL, 'sandi21', '$2y$10$X6Ho.gk8CX0tqh7Bk0WB2.3v6GstU4Zev1giZ5J7dR1ikjs2Gpvm6', NULL, 2, '2024-06-20 10:42:04');

--
-- Indexes for dumped tables
--

--
-- Indeks untuk tabel `ci_sessions`
--
ALTER TABLE `ci_sessions`
  ADD KEY `ci_sessions_timestamp` (`timestamp`);

--
-- Indeks untuk tabel `contacts`
--
ALTER TABLE `contacts`
  ADD PRIMARY KEY (`id`),
  ADD KEY `FK_contacts_contacts` (`parent_id`);

--
-- Indeks untuk tabel `coupons`
--
ALTER TABLE `coupons`
  ADD PRIMARY KEY (`id`);

--
-- Indeks untuk tabel `customers`
--
ALTER TABLE `customers`
  ADD PRIMARY KEY (`id`),
  ADD KEY `FK_customers_users` (`user_id`);

--
-- Indeks untuk tabel `orders`
--
ALTER TABLE `orders`
  ADD PRIMARY KEY (`id`),
  ADD KEY `FK_orders_users` (`user_id`),
  ADD KEY `FK_orders_coupons` (`coupon_id`);

--
-- Indeks untuk tabel `order_item`
--
ALTER TABLE `order_item`
  ADD PRIMARY KEY (`id`),
  ADD KEY `order_id` (`order_id`),
  ADD KEY `product_id` (`product_id`);

--
-- Indeks untuk tabel `payments`
--
ALTER TABLE `payments`
  ADD PRIMARY KEY (`id`),
  ADD KEY `order_id` (`order_id`);

--
-- Indeks untuk tabel `products`
--
ALTER TABLE `products`
  ADD PRIMARY KEY (`id`),
  ADD KEY `FK_products_product_category` (`category_id`);

--
-- Indeks untuk tabel `product_category`
--
ALTER TABLE `product_category`
  ADD PRIMARY KEY (`id`);

--
-- Indeks untuk tabel `reviews`
--
ALTER TABLE `reviews`
  ADD PRIMARY KEY (`id`),
  ADD KEY `FK_reviews_users` (`user_id`),
  ADD KEY `FK_reviews_orders` (`order_id`);

--
-- Indeks untuk tabel `roles`
--
ALTER TABLE `roles`
  ADD PRIMARY KEY (`id`);

--
-- Indeks untuk tabel `settings`
--
ALTER TABLE `settings`
  ADD PRIMARY KEY (`id`) USING BTREE;

--
-- Indeks untuk tabel `users`
--
ALTER TABLE `users`
  ADD PRIMARY KEY (`id`) USING BTREE,
  ADD UNIQUE KEY `users_email_unique` (`email`) USING BTREE,
  ADD KEY `role_id` (`role_id`);

--
-- AUTO_INCREMENT untuk tabel yang dibuang
--

--
-- AUTO_INCREMENT untuk tabel `contacts`
--
ALTER TABLE `contacts`
  MODIFY `id` int(10) NOT NULL AUTO_INCREMENT, AUTO_INCREMENT=3;

--
-- AUTO_INCREMENT untuk tabel `coupons`
--
ALTER TABLE `coupons`
  MODIFY `id` bigint(20) NOT NULL AUTO_INCREMENT, AUTO_INCREMENT=5;

--
-- AUTO_INCREMENT untuk tabel `customers`
--
ALTER TABLE `customers`
  MODIFY `id` bigint(20) NOT NULL AUTO_INCREMENT, AUTO_INCREMENT=17;

--
-- AUTO_INCREMENT untuk tabel `orders`
--
ALTER TABLE `orders`
  MODIFY `id` bigint(20) NOT NULL AUTO_INCREMENT, AUTO_INCREMENT=25;

--
-- AUTO_INCREMENT untuk tabel `order_item`
--
ALTER TABLE `order_item`
  MODIFY `id` bigint(20) NOT NULL AUTO_INCREMENT, AUTO_INCREMENT=33;

--
-- AUTO_INCREMENT untuk tabel `payments`
--
ALTER TABLE `payments`
  MODIFY `id` bigint(20) NOT NULL AUTO_INCREMENT, AUTO_INCREMENT=12;

--
-- AUTO_INCREMENT untuk tabel `products`
--
ALTER TABLE `products`
  MODIFY `id` bigint(20) NOT NULL AUTO_INCREMENT, AUTO_INCREMENT=20;

--
-- AUTO_INCREMENT untuk tabel `product_category`
--
ALTER TABLE `product_category`
  MODIFY `id` int(10) NOT NULL AUTO_INCREMENT, AUTO_INCREMENT=11;

--
-- AUTO_INCREMENT untuk tabel `reviews`
--
ALTER TABLE `reviews`
  MODIFY `id` bigint(20) NOT NULL AUTO_INCREMENT, AUTO_INCREMENT=9;

--
-- AUTO_INCREMENT untuk tabel `roles`
--
ALTER TABLE `roles`
  MODIFY `id` int(10) NOT NULL AUTO_INCREMENT, AUTO_INCREMENT=3;

--
-- AUTO_INCREMENT untuk tabel `settings`
--
ALTER TABLE `settings`
  MODIFY `id` int(10) NOT NULL AUTO_INCREMENT, AUTO_INCREMENT=13;

--
-- AUTO_INCREMENT untuk tabel `users`
--
ALTER TABLE `users`
  MODIFY `id` bigint(20) UNSIGNED NOT NULL AUTO_INCREMENT, AUTO_INCREMENT=30;

--
-- Ketidakleluasaan untuk tabel pelimpahan (Dumped Tables)
--

--
-- Ketidakleluasaan untuk tabel `contacts`
--
ALTER TABLE `contacts`
  ADD CONSTRAINT `FK_contacts_contacts` FOREIGN KEY (`parent_id`) REFERENCES `contacts` (`id`) ON DELETE CASCADE ON UPDATE NO ACTION;

--
-- Ketidakleluasaan untuk tabel `customers`
--
ALTER TABLE `customers`
  ADD CONSTRAINT `FK_customers_users` FOREIGN KEY (`user_id`) REFERENCES `users` (`id`) ON DELETE NO ACTION ON UPDATE CASCADE;

--
-- Ketidakleluasaan untuk tabel `orders`
--
ALTER TABLE `orders`
  ADD CONSTRAINT `FK_orders_coupons` FOREIGN KEY (`coupon_id`) REFERENCES `coupons` (`id`) ON DELETE SET NULL ON UPDATE CASCADE,
  ADD CONSTRAINT `FK_orders_users` FOREIGN KEY (`user_id`) REFERENCES `users` (`id`) ON DELETE NO ACTION ON UPDATE CASCADE;

--
-- Ketidakleluasaan untuk tabel `payments`
--
ALTER TABLE `payments`
  ADD CONSTRAINT `FK_payments_orders` FOREIGN KEY (`order_id`) REFERENCES `orders` (`id`) ON DELETE NO ACTION ON UPDATE NO ACTION;
COMMIT;

/*!40101 SET CHARACTER_SET_CLIENT=@OLD_CHARACTER_SET_CLIENT */;
/*!40101 SET CHARACTER_SET_RESULTS=@OLD_CHARACTER_SET_RESULTS */;
/*!40101 SET COLLATION_CONNECTION=@OLD_COLLATION_CONNECTION */;
